Category,Term,Count,List Total,Pop Hits,Pop Total,P-Value,Benjamini,Fold Enrichment,Bonferroni,FDR,Fisher Exact,Full Term,User Ids,Theme,minus_log10_Benjamini
REACTOME_PATHWAY,Cell Cycle,60,209,652,10908,5.0399999999999995e-25,4.83e-22,4.8,4.83e-22,4.13e-22,9.74e-26,R-HSA-1640170~Cell Cycle,"ERCC6L,FEN1,MRE11,MCM7,RSF1,CHTF18,TUBA1C,BABAM2,PPP1CC,TUBA1B,PPP2R1A,AKT1,RMI2,RFC1,RFC2,CSNK1D,ESCO2,DYNLL2,TUBA4A,HAUS1,RBX1,MZT2A,TFDP1,ESPL1,CCNE1,DMC1,POT1,MCM4,PCNA,PSMD13,CUL1,LIN9,PMF1,SKA1,SKA2,ORC5,ORC4,PPP2CB,BRIP1,ORC6,POLR2F,CENPT,DYNC1H1,ACD,RRM2,RPA1,RPA2,MND1,MZT1,NEDD1,POLA2,POLE2,PSMC2,RPA4,UBE2N,RAD1,CENPO,RAD9B,SPC25,RAD9A",Cell cycle & mitosis,21.316052869248487
REACTOME_PATHWAY,"Cell Cycle, Mitotic",45,209,519,10908,1.83e-17,8.75e-15,4.53,1.75e-14,7.48e-15,3.76e-18,"R-HSA-69278~Cell Cycle, Mitotic","ERCC6L,FEN1,PCNA,MCM7,PSMD13,CUL1,LIN9,PMF1,SKA1,SKA2,ORC5,ORC4,PPP2CB,TUBA1C,PPP1CC,TUBA1B,ORC6,PPP2R1A,AKT1,CENPT,DYNC1H1,RRM2,RFC1,RFC2,RPA1,RPA2,CSNK1D,ESCO2,DYNLL2,MZT1,TUBA4A,HAUS1,RBX1,MZT2A,NEDD1,POLA2,TFDP1,ESPL1,CCNE1,POLE2,PSMC2,RPA4,MCM4,CENPO,SPC25",Cell cycle & mitosis,14.057991946977687
REACTOME_PATHWAY,Cell Cycle Checkpoints,33,209,274,10908,8.58e-17,2.74e-14,6.29,1.06e-13,2.34e-14,1.23e-17,R-HSA-69620~Cell Cycle Checkpoints,"ERCC6L,MRE11,MCM7,PSMD13,CUL1,PMF1,SKA1,SKA2,ORC5,ORC4,PPP2CB,BABAM2,PPP1CC,BRIP1,ORC6,PPP2R1A,CENPT,DYNC1H1,RMI2,RFC2,RPA1,RPA2,DYNLL2,RBX1,CCNE1,PSMC2,UBE2N,MCM4,RAD1,CENPO,RAD9B,RAD9A,SPC25",Cell cycle & mitosis,13.562249437179611
REACTOME_PATHWAY,G1/S Transition,21,209,120,10908,8.95e-14,2.14e-11,9.13,8.56e-11,1.83e-11,8.29e-15,R-HSA-69206~G1/S Transition,"RRM2,PCNA,MCM7,PSMD13,RPA1,CUL1,RPA2,LIN9,ORC5,ORC4,PPP2CB,POLA2,ORC6,TFDP1,CCNE1,PPP2R1A,POLE2,PSMC2,RPA4,MCM4,AKT1",Cell cycle & mitosis,10.669586226650809
REACTOME_PATHWAY,S Phase,22,209,148,10908,5.58e-13,1.07e-10,7.76,5.34e-10,9.15e-11,6.26e-14,R-HSA-69242~S Phase,"FEN1,PCNA,MCM7,RFC1,PSMD13,RFC2,RPA1,CUL1,RPA2,ESCO2,LIN9,RBX1,ORC5,ORC4,POLA2,ORC6,TFDP1,CCNE1,POLE2,PSMC2,MCM4,AKT1",Cell cycle & mitosis,9.97061622231479
REACTOME_PATHWAY,DNA Repair,30,209,312,10908,1.17e-12,1.86e-10,5.02,1.12e-09,1.59e-10,2.13e-13,R-HSA-73894~DNA Repair,"FEN1,MRE11,PCNA,PRKDC,UBE2L6,ACTB,BABAM2,BRIP1,PPP4R2,SUMO2,POLR2F,ASCC2,ACD,RMI2,RFC1,RFC2,XRCC5,XRCC3,RPA1,RPA2,RBX1,MAD2L2,MSH3,POLE2,UBE2N,ERCC8,POT1,RAD1,RAD9B,RAD9A",DNA replication & repair,9.730487055782083
REACTOME_PATHWAY,Mitotic G1 phase and G1/S transition,21,209,138,10908,1.37e-12,1.87e-10,7.94,1.31e-09,1.6e-10,1.49e-13,R-HSA-453279~Mitotic G1 phase and G1/S transition,"RRM2,PCNA,MCM7,PSMD13,RPA1,CUL1,RPA2,LIN9,ORC5,ORC4,PPP2CB,POLA2,ORC6,TFDP1,CCNE1,PPP2R1A,POLE2,PSMC2,RPA4,MCM4,AKT1",Cell cycle & mitosis,9.7281583934635
GOTERM_BP_DIRECT,DNA replication,18,248,125,16251,6.59e-12,9.91e-09,9.44,9.92e-09,9.77e-09,6.1e-13,GO:0006260~DNA replication,"FEN1,RMI2,PCNA,MCM7,RFC1,RFC2,RPA1,RPA2,CHTF18,ORC5,ORC4,POLA2,ORC6,POLE2,GRWD1,RPA4,MCM4,ASCC2",,8.003926345514724
REACTOME_PATHWAY,Synthesis of DNA,18,209,106,10908,1.33e-11,1.59e-09,8.86,1.27e-08,1.36e-09,1.27e-12,R-HSA-69239~Synthesis of DNA,"FEN1,PCNA,MCM7,RFC1,PSMD13,RFC2,RPA1,CUL1,RPA2,RBX1,ORC5,ORC4,POLA2,ORC6,CCNE1,POLE2,PSMC2,MCM4",DNA replication & repair,8.79860287567955
REACTOME_PATHWAY,DNA Double-Strand Break Repair,20,209,157,10908,1.29e-10,1.37e-08,6.65,1.23e-07,1.17e-08,1.72e-11,R-HSA-5693532~DNA Double-Strand Break Repair,"FEN1,RMI2,MRE11,PCNA,RFC1,XRCC5,PRKDC,RFC2,XRCC3,RPA1,RPA2,BABAM2,BRIP1,PPP4R2,POLE2,SUMO2,UBE2N,RAD1,RAD9B,RAD9A",DNA replication & repair,7.863279432843593
REACTOME_PATHWAY,Homology Directed Repair,18,209,127,10908,2.55e-10,2.44e-08,7.4,2.44e-07,2.09e-08,3.02e-11,R-HSA-5693538~Homology Directed Repair,"FEN1,RMI2,MRE11,PCNA,RFC1,RFC2,XRCC3,RPA1,RPA2,BABAM2,BRIP1,PPP4R2,POLE2,SUMO2,UBE2N,RAD1,RAD9B,RAD9A",DNA replication & repair,7.61261017366127
REACTOME_PATHWAY,Activation of ATR in response to replication stress,11,209,35,10908,6.2e-10,5.4e-08,16.4,5.94e-07,4.62e-08,2.74e-11,R-HSA-176187~Activation of ATR in response to replication stress,"ORC5,ORC4,ORC6,MCM7,RFC2,RPA1,RPA2,MCM4,RAD1,RAD9B,RAD9A",DNA replication & repair,7.267606240177032
REACTOME_PATHWAY,HDR through Homologous Recombination (HRR) or Single Strand Annealing (SSA),17,209,121,10908,1.05e-09,8.41e-08,7.33,1.01e-06,7.19e-08,1.26e-10,R-HSA-5693567~HDR through Homologous Recombination (HRR) or Single Strand Annealing (SSA),"RMI2,MRE11,PCNA,RFC1,RFC2,XRCC3,RPA1,RPA2,BABAM2,BRIP1,PPP4R2,POLE2,SUMO2,UBE2N,RAD1,RAD9B,RAD9A",DNA replication & repair,7.075204004202088
REACTOME_PATHWAY,DNA Replication,19,209,160,10908,1.35e-09,9.92e-08,6.2,1.29e-06,8.48e-08,1.95e-10,R-HSA-69306~DNA Replication,"FEN1,PCNA,MCM7,RFC1,PSMD13,RFC2,RPA1,CUL1,RPA2,RBX1,ORC5,ORC4,POLA2,ORC6,CCNE1,POLE2,PSMC2,RPA4,MCM4",DNA replication & repair,7.0034883278458215
REACTOME_PATHWAY,G2/M Checkpoints,18,209,142,10908,1.5e-09,1.02e-07,6.62,1.43e-06,8.76e-08,2.01e-10,R-HSA-69481~G2/M Checkpoints,"RMI2,MRE11,MCM7,PSMD13,RFC2,RPA1,RPA2,ORC5,ORC4,BABAM2,BRIP1,ORC6,PSMC2,UBE2N,MCM4,RAD1,RAD9B,RAD9A",Cell cycle & mitosis,6.991399828238082
REACTOME_PATHWAY,Cooperation of Prefoldin and TriC/CCT  in actin and tubulin folding,10,209,31,10908,3.93e-09,2.51e-07,16.84,3.76e-06,2.15e-07,1.68e-10,R-HSA-389958~Cooperation of Prefoldin and TriC/CCT  in actin and tubulin folding,"CCT3,TUBA1C,TUBA1B,PFDN2,CCT7,PFDN5,PFDN6,ACTB,TUBA4A,CCT6B",Cytoskeleton & Rho GTPase signaling,6.600326278518962
REACTOME_PATHWAY,HDR through Homologous Recombination (HRR),13,209,68,10908,4.8e-09,2.87e-07,9.98,4.59e-06,2.46e-07,4.01e-10,R-HSA-5685942~HDR through Homologous Recombination (HRR),"RMI2,MRE11,PCNA,RFC1,RFC2,XRCC3,RPA1,RPA2,BRIP1,POLE2,RAD1,RAD9B,RAD9A",DNA replication & repair,6.542118103266008
REACTOME_PATHWAY,Activation of the pre-replicative complex,10,209,32,10908,5.38e-09,3.03e-07,16.31,5.15e-06,2.59e-07,2.4e-10,R-HSA-68962~Activation of the pre-replicative complex,"ORC5,ORC4,POLA2,ORC6,MCM7,POLE2,RPA4,RPA1,RPA2,MCM4",DNA replication & repair,6.518557371497695
REACTOME_PATHWAY,Mitotic Prometaphase,20,209,196,10908,5.73e-09,3.05e-07,5.33,5.49e-06,2.61e-07,9.83e-10,R-HSA-68877~Mitotic Prometaphase,"CENPT,DYNC1H1,ERCC6L,CSNK1D,PMF1,DYNLL2,SKA1,TUBA4A,MZT1,HAUS1,SKA2,NEDD1,PPP2CB,MZT2A,TUBA1C,PPP1CC,TUBA1B,PPP2R1A,CENPO,SPC25",Cell cycle & mitosis,6.515700160653214
REACTOME_PATHWAY,Telomere C-strand (Lagging Strand) Synthesis,10,209,33,10908,7.27e-09,3.67e-07,15.82,6.96e-06,3.14e-07,3.39e-10,R-HSA-174417~Telomere C-strand (Lagging Strand) Synthesis,"ACD,POLA2,FEN1,PCNA,RFC1,RFC2,RPA1,RPA2,POT1,CHTF18",DNA replication & repair,6.43533393574791
GOTERM_BP_DIRECT,DNA repair,23,248,346,16251,1.63e-08,1.23e-05,4.36,2.46e-05,1.21e-05,3.54e-09,GO:0006281~DNA repair,"ERCC6L,FEN1,RMI2,RRM2,MRE11,PCNA,RFC1,PRKDC,RFC2,XRCC3,RPA1,RPA2,PAGR1,MAD2L2,BRIP1,MSH3,MORF4L2,POLE2,DMC1,RPA4,RAD1,RAD9B,RAD9A",,4.910094888560602
REACTOME_PATHWAY,Prefoldin mediated transfer of substrate  to CCT/TriC,9,209,27,10908,2.48e-08,1.19e-06,17.4,2.38e-05,1.02e-06,1.02e-09,R-HSA-389957~Prefoldin mediated transfer of substrate  to CCT/TriC,"CCT3,TUBA1C,PFDN2,CCT7,PFDN5,PFDN6,ACTB,TUBA4A,CCT6B",Protein & RNA homeostasis,5.924453038607469
REACTOME_PATHWAY,EML4 and NUDC in mitotic spindle formation,15,209,113,10908,2.83e-08,1.29e-06,6.93,2.7e-05,1.1e-06,3.61e-09,R-HSA-9648025~EML4 and NUDC in mitotic spindle formation,"CENPT,DYNC1H1,ERCC6L,PMF1,DYNLL2,SKA1,TUBA4A,SKA2,PPP2CB,TUBA1C,PPP1CC,TUBA1B,PPP2R1A,CENPO,SPC25",Cell cycle & mitosis,5.889410289700751
REACTOME_PATHWAY,Separation of Sister Chromatids,18,209,173,10908,3.07e-08,1.34e-06,5.43,2.94e-05,1.14e-06,5.16e-09,R-HSA-2467813~Separation of Sister Chromatids,"CENPT,DYNC1H1,ERCC6L,PSMD13,PMF1,DYNLL2,SKA1,TUBA4A,SKA2,PPP2CB,TUBA1C,PPP1CC,TUBA1B,ESPL1,PPP2R1A,PSMC2,CENPO,SPC25",Cell cycle & mitosis,5.872895201635193
REACTOME_PATHWAY,RHO GTPases Activate Formins,16,209,136,10908,4.39e-08,1.83e-06,6.14,4.2e-05,1.56e-06,6.41e-09,R-HSA-5663220~RHO GTPases Activate Formins,"CENPT,DYNC1H1,ERCC6L,PMF1,DYNLL2,SKA1,TUBA4A,ACTB,SKA2,PPP2CB,TUBA1C,PPP1CC,TUBA1B,PPP2R1A,CENPO,SPC25",Cytoskeleton & Rho GTPase signaling,5.73754891026957
REACTOME_PATHWAY,Processing of DNA double-strand break ends,13,209,83,10908,4.97e-08,1.98e-06,8.17,4.75e-05,1.7e-06,5.25e-09,R-HSA-5693607~Processing of DNA double-strand break ends,"RMI2,MRE11,RFC2,RPA1,RPA2,BABAM2,BRIP1,PPP4R2,SUMO2,UBE2N,RAD1,RAD9B,RAD9A",DNA replication & repair,5.703334809738469
REACTOME_PATHWAY,Homologous DNA Pairing and Strand Exchange,10,209,41,10908,5.79e-08,2.22e-06,12.73,5.54e-05,1.9e-06,3.59e-09,R-HSA-5693579~Homologous DNA Pairing and Strand Exchange,"BRIP1,RMI2,MRE11,RFC2,XRCC3,RPA1,RPA2,RAD1,RAD9B,RAD9A",DNA replication & repair,5.653647025549361
REACTOME_PATHWAY,DNA strand elongation,9,209,31,10908,8.27e-08,2.98e-06,15.15,7.91e-05,2.55e-06,4.1e-09,R-HSA-69190~DNA strand elongation,"POLA2,FEN1,PCNA,MCM7,RFC1,RFC2,RPA1,RPA2,MCM4",DNA replication & repair,5.525783735923745
REACTOME_PATHWAY,Resolution of Sister Chromatid Cohesion,15,209,123,10908,8.41e-08,2.98e-06,6.36,8.05e-05,2.55e-06,1.18e-08,R-HSA-2500257~Resolution of Sister Chromatid Cohesion,"CENPT,DYNC1H1,ERCC6L,PMF1,DYNLL2,SKA1,TUBA4A,SKA2,PPP2CB,TUBA1C,PPP1CC,TUBA1B,PPP2R1A,CENPO,SPC25",Cell cycle & mitosis,5.525783735923745
REACTOME_PATHWAY,Impaired BRCA2 binding to RAD51,9,209,33,10908,1.41e-07,4.82e-06,14.23,0.000135,4.12e-06,7.59e-09,R-HSA-9709570~Impaired BRCA2 binding to RAD51,"BRIP1,RMI2,MRE11,RFC2,RPA1,RPA2,RAD1,RAD9B,RAD9A",DNA replication & repair,5.31695296176115
GOTERM_BP_DIRECT,DNA replication initiation,8,248,28,16251,1.55e-07,7.78e-05,18.72,0.000233,7.66e-05,6.27e-09,GO:0006270~DNA replication initiation,"ORC5,ORC4,POLA2,ORC6,MCM7,CCNE1,RPA4,MCM4",DNA replication & repair,4.1090204030103115
REACTOME_PATHWAY,Protein folding,13,209,96,10908,2.58e-07,8.52e-06,7.07,0.000247,7.28e-06,3.22e-08,R-HSA-391251~Protein folding,"CCT3,TBCD,TUBA4A,ACTB,CCT6B,TUBA1C,TUBA1B,CCNE1,FBXL3,PFDN2,CCT7,PFDN5,PFDN6",Protein & RNA homeostasis,5.0695604052333
REACTOME_PATHWAY,HDR through Single Strand Annealing (SSA),9,209,36,10908,2.92e-07,8.91e-06,13.05,0.00028,7.61e-06,1.76e-08,R-HSA-5685938~HDR through Single Strand Annealing (SSA),"BRIP1,RMI2,MRE11,RFC2,RPA1,RPA2,RAD1,RAD9B,RAD9A",DNA replication & repair,5.050122295963125
REACTOME_PATHWAY,Diseases of DNA repair,10,209,49,10908,2.97e-07,8.91e-06,10.65,0.000285,7.61e-06,2.3e-08,R-HSA-9675135~Diseases of DNA repair,"BRIP1,RMI2,MRE11,MSH3,RFC2,RPA1,RPA2,RAD1,RAD9B,RAD9A",DNA replication & repair,5.050122295963125
REACTOME_PATHWAY,COPI-independent Golgi-to-ER retrograde traffic,10,209,49,10908,2.97e-07,8.91e-06,10.65,0.000285,7.61e-06,2.3e-08,R-HSA-6811436~COPI-independent Golgi-to-ER retrograde traffic,"DCTN6,DYNC1H1,TUBA1C,TUBA1B,CAPZB,CAPZA3,ACTR10,BICD1,DYNLL2,TUBA4A",Membrane trafficking & vesicular transport,5.050122295963125
REACTOME_PATHWAY,Extension of Telomeres,10,209,50,10908,3.57e-07,1.04e-05,10.44,0.000341,8.86e-06,2.83e-08,R-HSA-180786~Extension of Telomeres,"ACD,POLA2,FEN1,PCNA,RFC1,RFC2,RPA1,RPA2,POT1,CHTF18",DNA replication & repair,4.982966660701219
REACTOME_PATHWAY,Presynaptic phase of homologous DNA pairing and strand exchange,9,209,38,10908,4.57e-07,1.29e-05,12.36,0.000437,1.1e-05,2.95e-08,R-HSA-5693616~Presynaptic phase of homologous DNA pairing and strand exchange,"BRIP1,RMI2,MRE11,RFC2,RPA1,RPA2,RAD1,RAD9B,RAD9A",DNA replication & repair,4.889410289700751
REACTOME_PATHWAY,Chromosome Maintenance,14,209,122,10908,5.36e-07,1.46e-05,5.99,0.000512,1.25e-05,8.05e-08,R-HSA-73886~Chromosome Maintenance,"CENPT,ACD,FEN1,PCNA,RFC1,RFC2,RPA1,RPA2,RSF1,CHTF18,POLA2,POT1,POLR2F,CENPO",DNA replication & repair,4.835647144215563
REACTOME_PATHWAY,Defective homologous recombination repair (HRR) due to BRCA2 loss of function,9,209,39,10908,5.66e-07,1.46e-05,12.04,0.000541,1.25e-05,3.77e-08,R-HSA-9701190~Defective homologous recombination repair (HRR) due to BRCA2 loss of function,"BRIP1,RMI2,MRE11,RFC2,RPA1,RPA2,RAD1,RAD9B,RAD9A",DNA replication & repair,4.835647144215563
REACTOME_PATHWAY,Diseases of DNA Double-Strand Break Repair,9,209,39,10908,5.66e-07,1.46e-05,12.04,0.000541,1.25e-05,3.77e-08,R-HSA-9675136~Diseases of DNA Double-Strand Break Repair,"BRIP1,RMI2,MRE11,RFC2,RPA1,RPA2,RAD1,RAD9B,RAD9A",DNA replication & repair,4.835647144215563
REACTOME_PATHWAY,HSP90 chaperone cycle for steroid hormone receptors (SHR) in the presence of ligand,10,209,53,10908,6.01e-07,1.51e-05,9.85,0.000575,1.29e-05,5.11e-08,R-HSA-3371497~HSP90 chaperone cycle for steroid hormone receptors (SHR) in the presence of ligand,"DCTN6,DYNC1H1,TUBA1C,TUBA1B,CAPZB,CAPZA3,ACTR10,DYNLL2,TUBA4A,HSPA1A",Protein & RNA homeostasis,4.82102305270683
REACTOME_PATHWAY,Mitotic Anaphase,18,209,215,10908,7.19e-07,1.77e-05,4.37,0.000688,1.51e-05,1.53e-07,R-HSA-68882~Mitotic Anaphase,"CENPT,DYNC1H1,ERCC6L,PSMD13,PMF1,DYNLL2,SKA1,TUBA4A,SKA2,PPP2CB,TUBA1C,PPP1CC,TUBA1B,ESPL1,PPP2R1A,PSMC2,CENPO,SPC25",Cell cycle & mitosis,4.752026733638194
REACTOME_PATHWAY,Mitotic Metaphase and Anaphase,18,209,216,10908,7.71e-07,1.85e-05,4.35,0.000738,1.58e-05,1.64e-07,R-HSA-2555396~Mitotic Metaphase and Anaphase,"CENPT,DYNC1H1,ERCC6L,PSMD13,PMF1,DYNLL2,SKA1,TUBA4A,SKA2,PPP2CB,TUBA1C,PPP1CC,TUBA1B,ESPL1,PPP2R1A,PSMC2,CENPO,SPC25",Cell cycle & mitosis,4.732828271596986
REACTOME_PATHWAY,Lagging Strand Synthesis,7,209,19,10908,9.87e-07,2.31e-05,19.23,0.000944,1.97e-05,3.55e-08,R-HSA-69186~Lagging Strand Synthesis,"POLA2,FEN1,PCNA,RFC1,RFC2,RPA1,RPA2",DNA replication & repair,4.636388020107856
REACTOME_PATHWAY,Chaperonin-mediated protein folding,12,209,90,10908,1.04e-06,2.36e-05,6.96,0.000992,2.02e-05,1.32e-07,R-HSA-390466~Chaperonin-mediated protein folding,"CCT3,TUBA1C,TUBA1B,CCNE1,FBXL3,PFDN2,CCT7,PFDN5,PFDN6,ACTB,TUBA4A,CCT6B",Protein & RNA homeostasis,4.627087997029894
REACTOME_PATHWAY,RHO GTPase Effectors,21,209,299,10908,1.07e-06,2.38e-05,3.67,0.00102,2.03e-05,2.73e-07,R-HSA-195258~RHO GTPase Effectors,"CENPT,DYNC1H1,ERCC6L,WIPF2,BAIAP2,PMF1,DYNLL2,SKA1,TUBA4A,ACTB,SKA2,KTN1,PPP2CB,TUBA1C,PPP1CC,TUBA1B,PPP2R1A,CFL1,CENPO,MYH10,SPC25",Cytoskeleton & Rho GTPase signaling,4.623423042943488
REACTOME_PATHWAY,PCNA-Dependent Long Patch Base Excision Repair,7,209,20,10908,1.39e-06,3.01e-05,18.27,0.00133,2.57e-05,5.38e-08,R-HSA-5651801~PCNA-Dependent Long Patch Base Excision Repair,"FEN1,PCNA,RFC1,RFC2,POLE2,RPA1,RPA2",DNA replication & repair,4.521433504406157
REACTOME_PATHWAY,Amplification  of signal from unattached  kinetochores via a MAD2  inhibitory signal,12,209,93,10908,1.44e-06,3.01e-05,6.73,0.00138,2.57e-05,1.91e-07,R-HSA-141444~Amplification  of signal from unattached  kinetochores via a MAD2  inhibitory signal,"CENPT,DYNC1H1,PPP2CB,PPP1CC,ERCC6L,PPP2R1A,CENPO,PMF1,DYNLL2,SKA1,SPC25,SKA2",Cell cycle & mitosis,4.521433504406157
REACTOME_PATHWAY,Amplification of signal from the kinetochores,12,209,93,10908,1.44e-06,3.01e-05,6.73,0.00138,2.57e-05,1.91e-07,R-HSA-141424~Amplification of signal from the kinetochores,"CENPT,DYNC1H1,PPP2CB,PPP1CC,ERCC6L,PPP2R1A,CENPO,PMF1,DYNLL2,SKA1,SPC25,SKA2",Cell cycle & mitosis,4.521433504406157
REACTOME_PATHWAY,G2/M Transition,16,209,184,10908,2.26e-06,4.62e-05,4.54,0.00216,3.95e-05,4.61e-07,R-HSA-69275~G2/M Transition,"DYNC1H1,PSMD13,CUL1,CSNK1D,LIN9,TUBA4A,MZT1,HAUS1,RBX1,NEDD1,PPP2CB,MZT2A,TUBA1C,TUBA1B,PPP2R1A,PSMC2",Cell cycle & mitosis,4.335358024443875
REACTOME_PATHWAY,M Phase,23,209,372,10908,2.37e-06,4.73e-05,3.23,0.00226,4.04e-05,6.94e-07,R-HSA-68886~M Phase,"CENPT,DYNC1H1,ERCC6L,PSMD13,CSNK1D,PMF1,DYNLL2,SKA1,TUBA4A,MZT1,HAUS1,SKA2,NEDD1,PPP2CB,MZT2A,TUBA1C,PPP1CC,TUBA1B,ESPL1,PPP2R1A,PSMC2,CENPO,SPC25",Cell cycle & mitosis,4.325138859262188
REACTOME_PATHWAY,DNA Damage Bypass,9,209,47,10908,2.54e-06,4.86e-05,9.99,0.00242,4.16e-05,2.12e-07,R-HSA-73893~DNA Damage Bypass,"MAD2L2,PCNA,RFC1,RFC2,POLE2,RPA1,RPA2,UBE2L6,RBX1",DNA replication & repair,4.313363730737707
REACTOME_PATHWAY,E2F mediated regulation of DNA replication,7,209,22,10908,2.59e-06,4.86e-05,16.61,0.00247,4.16e-05,1.15e-07,R-HSA-113510~E2F mediated regulation of DNA replication,"ORC5,ORC4,PPP2CB,POLA2,TFDP1,ORC6,PPP2R1A",DNA replication & repair,4.313363730737707
REACTOME_PATHWAY,Mitotic G2-G2/M phases,16,209,186,10908,2.59e-06,4.86e-05,4.49,0.00247,4.16e-05,5.34e-07,R-HSA-453274~Mitotic G2-G2/M phases,"DYNC1H1,PSMD13,CUL1,CSNK1D,LIN9,TUBA4A,MZT1,HAUS1,RBX1,NEDD1,PPP2CB,MZT2A,TUBA1C,TUBA1B,PPP2R1A,PSMC2",Cell cycle & mitosis,4.313363730737707
REACTOME_PATHWAY,G2/M DNA damage checkpoint,11,209,82,10908,3.31e-06,6.1e-05,7.0,0.00317,5.22e-05,4.18e-07,R-HSA-69473~G2/M DNA damage checkpoint,"BABAM2,BRIP1,RMI2,MRE11,RFC2,RPA1,UBE2N,RPA2,RAD1,RAD9B,RAD9A",DNA replication & repair,4.214670164989233
REACTOME_PATHWAY,Transcriptional Regulation by TP53,22,209,352,10908,3.56e-06,6.43e-05,3.26,0.0034,5.49e-05,1.03e-06,R-HSA-3700989~Transcriptional Regulation by TP53,"STEAP3,RMI2,MRE11,PCNA,RFC2,TXNRD1,RPA1,RPA2,TSC2,PPP2CB,BRIP1,TFDP1,CDK5,CCNE1,PPP2R1A,AKT1,POLR2F,RICTOR,RAD1,NELFA,RAD9B,RAD9A",Cell signaling,4.191789027075778
REACTOME_PATHWAY,Assembly of the 9+0 primary cilium,16,209,194,10908,4.37e-06,7.61e-05,4.3,0.00417,6.51e-05,9.41e-07,R-HSA-9975921~Assembly of the 9+0 primary cilium,"CCT3,DYNC1H1,MKKS,CSNK1D,DYNLL2,TUBA4A,HAUS1,DYNC2LI1,NEDD1,TUBA1C,TUBA1B,KIF3B,BBS12,PPP2R1A,MKS1,IFT56",Membrane trafficking & vesicular transport,4.118615343229427
REACTOME_PATHWAY,Cilium Assembly,16,209,194,10908,4.37e-06,7.61e-05,4.3,0.00417,6.51e-05,9.41e-07,R-HSA-5617833~Cilium Assembly,"CCT3,DYNC1H1,MKKS,CSNK1D,DYNLL2,TUBA4A,HAUS1,DYNC2LI1,NEDD1,TUBA1C,TUBA1B,KIF3B,BBS12,PPP2R1A,MKS1,IFT56",Membrane trafficking & vesicular transport,4.118615343229427
REACTOME_PATHWAY,Resolution of AP sites via the multiple-nucleotide patch replacement pathway,7,209,24,10908,4.52e-06,7.73e-05,15.22,0.00432,6.61e-05,2.25e-07,R-HSA-110373~Resolution of AP sites via the multiple-nucleotide patch replacement pathway,"FEN1,PCNA,RFC1,RFC2,POLE2,RPA1,RPA2",DNA replication & repair,4.111820506081675
REACTOME_PATHWAY,Nucleotide Excision Repair,12,209,106,10908,5.31e-06,8.92e-05,5.91,0.00507,7.63e-05,8.09e-07,R-HSA-5696398~Nucleotide Excision Repair,"PCNA,RFC1,RFC2,POLE2,SUMO2,RPA1,UBE2N,RPA2,ERCC8,POLR2F,ACTB,RBX1",DNA replication & repair,4.049635145623877
REACTOME_PATHWAY,Translesion synthesis by REV1,6,209,15,10908,6.18e-06,0.000102,20.88,0.00589,8.72e-05,2e-07,R-HSA-110312~Translesion synthesis by REV1,"MAD2L2,PCNA,RFC1,RFC2,RPA1,RPA2",DNA replication & repair,3.9913998282380825
REACTOME_PATHWAY,Translesion synthesis by Y family DNA polymerases bypasses lesions on DNA template,8,209,38,10908,6.33e-06,0.000103,10.99,0.00604,8.79e-05,4.74e-07,R-HSA-110313~Translesion synthesis by Y family DNA polymerases bypasses lesions on DNA template,"MAD2L2,PCNA,RFC1,RFC2,POLE2,RPA1,RPA2,UBE2L6",DNA replication & repair,3.987162775294828
REACTOME_PATHWAY,Mitotic Spindle Checkpoint,12,209,109,10908,6.97e-06,0.000111,5.75,0.00665,9.51e-05,1.1e-06,R-HSA-69618~Mitotic Spindle Checkpoint,"CENPT,DYNC1H1,PPP2CB,PPP1CC,ERCC6L,PPP2R1A,CENPO,PMF1,DYNLL2,SKA1,SPC25,SKA2",Cell cycle & mitosis,3.9546770212133424
REACTOME_PATHWAY,Polymerase switching on the C-strand of the telomere,7,209,26,10908,7.49e-06,0.000118,14.05,0.00714,0.000101,4.14e-07,R-HSA-174411~Polymerase switching on the C-strand of the telomere,"ACD,POLA2,PCNA,RFC1,RFC2,POT1,CHTF18",DNA replication & repair,3.9281179926938745
REACTOME_PATHWAY,Removal of the Flap Intermediate from the C-strand,6,209,16,10908,8.84e-06,0.000132,19.57,0.00843,0.000113,3.14e-07,R-HSA-174437~Removal of the Flap Intermediate from the C-strand,"ACD,FEN1,PCNA,RPA1,RPA2,POT1",DNA replication & repair,3.87942606879415
REACTOME_PATHWAY,Translesion synthesis by POLK,6,209,16,10908,8.84e-06,0.000132,19.57,0.00843,0.000113,3.14e-07,R-HSA-5655862~Translesion synthesis by POLK,"MAD2L2,PCNA,RFC1,RFC2,RPA1,RPA2",DNA replication & repair,3.87942606879415
REACTOME_PATHWAY,Translesion synthesis by POLI,6,209,16,10908,8.84e-06,0.000132,19.57,0.00843,0.000113,3.14e-07,R-HSA-5656121~Translesion synthesis by POLI,"MAD2L2,PCNA,RFC1,RFC2,RPA1,RPA2",DNA replication & repair,3.87942606879415
REACTOME_PATHWAY,Regulation of TP53 Activity,14,209,158,10908,9.87e-06,0.000146,4.62,0.00941,0.000124,1.97e-06,R-HSA-5633007~Regulation of TP53 Activity,"RMI2,MRE11,RFC2,RPA1,RPA2,PPP2CB,BRIP1,CDK5,PPP2R1A,AKT1,RICTOR,RAD1,RAD9B,RAD9A",Cell signaling,3.835647144215563
REACTOME_PATHWAY,Cellular responses to stress,33,209,745,10908,1.17e-05,0.00017,2.31,0.0112,0.000146,4.87e-06,R-HSA-2262752~Cellular responses to stress,"DCTN6,MRE11,PSMD13,CUL2,CUL1,CXXC1,TUBA1C,TUBA1B,CAPZB,AKT1,ATP6V1G3,ATP6V1F,DYNC1H1,ACD,ATP6V1G2,ST13,TXNRD1,RPA1,RPA2,WIPI1,HSPE1,DYNLL2,TUBA4A,SIRT3,RBX1,TFDP1,CAPZA3,CCNE1,PSMC2,POT1,RPL28,ACTR10,HSPA1A",Other,3.769551078621726
REACTOME_PATHWAY,Telomere Maintenance,11,209,95,10908,1.26e-05,0.00018,6.04,0.012,0.000154,1.88e-06,R-HSA-157579~Telomere Maintenance,"ACD,POLA2,FEN1,PCNA,RFC1,RFC2,RPA1,RPA2,POT1,POLR2F,CHTF18",DNA replication & repair,3.744727494896694
REACTOME_PATHWAY,Orc1 removal from chromatin,9,209,58,10908,1.29e-05,0.000182,8.1,0.0123,0.000156,1.38e-06,R-HSA-68949~Orc1 removal from chromatin,"ORC5,ORC4,ORC6,MCM7,PSMD13,PSMC2,CUL1,MCM4,RBX1",DNA replication & repair,3.7399286120149253
GOTERM_BP_DIRECT,telomere maintenance via telomerase,6,248,21,16251,1.3e-05,0.00488,18.72,0.0193,0.00481,5.32e-07,GO:0007004~telomere maintenance via telomerase,"ACD,MRE11,RFC1,XRCC5,RPA1,POT1",,2.3115801779972895
REACTOME_PATHWAY,Recognition of DNA damage by PCNA-containing replication complex,7,209,29,10908,1.47e-05,0.000204,12.6,0.014,0.000175,9.35e-07,R-HSA-110314~Recognition of DNA damage by PCNA-containing replication complex,"PCNA,RFC1,RFC2,POLE2,RPA1,RPA2,RBX1",DNA replication & repair,3.6903698325741012
REACTOME_PATHWAY,Switching of origins to a post-replicative state,10,209,78,10908,1.64e-05,0.000224,6.69,0.0155,0.000192,2.17e-06,R-HSA-69052~Switching of origins to a post-replicative state,"ORC5,ORC4,ORC6,MCM7,CCNE1,PSMD13,PSMC2,CUL1,MCM4,RBX1",DNA replication & repair,3.6497519816658373
REACTOME_PATHWAY,Processive synthesis on the C-strand of the telomere,6,209,18,10908,1.68e-05,0.000227,17.4,0.016,0.000194,7.06e-07,R-HSA-174414~Processive synthesis on the C-strand of the telomere,"ACD,FEN1,PCNA,RPA1,RPA2,POT1",DNA replication & repair,3.6439741428068775
REACTOME_PATHWAY,Gap-filling DNA repair synthesis and ligation in TC-NER,9,209,61,10908,1.89e-05,0.000251,7.7,0.0179,0.000215,2.14e-06,R-HSA-6782210~Gap-filling DNA repair synthesis and ligation in TC-NER,"PCNA,RFC1,RFC2,POLE2,RPA1,RPA2,ERCC8,POLR2F,RBX1",DNA replication & repair,3.600326278518962
REACTOME_PATHWAY,Dual incision in TC-NER,9,209,62,10908,2.13e-05,0.00028,7.58,0.0202,0.000239,2.47e-06,R-HSA-6782135~Dual incision in TC-NER,"PCNA,RFC1,RFC2,POLE2,RPA1,RPA2,ERCC8,POLR2F,RBX1",DNA replication & repair,3.552841968657781
REACTOME_PATHWAY,Termination of translesion DNA synthesis,7,209,31,10908,2.21e-05,0.000286,11.79,0.0209,0.000245,1.53e-06,R-HSA-5656169~Termination of translesion DNA synthesis,"PCNA,RFC1,RFC2,POLE2,RPA1,RPA2,UBE2L6",DNA replication & repair,3.543633966870957
REACTOME_PATHWAY,Global Genome Nucleotide Excision Repair (GG-NER),10,209,82,10908,2.46e-05,0.000315,6.36,0.0233,0.000269,3.46e-06,R-HSA-5696399~Global Genome Nucleotide Excision Repair (GG-NER),"PCNA,RFC1,RFC2,POLE2,SUMO2,RPA1,UBE2N,RPA2,ACTB,RBX1",DNA replication & repair,3.5016894462103996
GOTERM_BP_DIRECT,regulation of macroautophagy,8,248,58,16251,2.67e-05,0.00804,9.04,0.0394,0.00792,2.61e-06,GO:0016241~regulation of macroautophagy,"SH3GLB1,ATP6V1G2,CDK5,TSC2,VPS35,ATG14,SNX5,UBQLN2",,2.094743951251549
REACTOME_PATHWAY,DNA Replication Pre-Initiation,12,209,126,10908,2.78e-05,0.000351,4.97,0.0263,0.0003,5.12e-06,R-HSA-69002~DNA Replication Pre-Initiation,"ORC5,ORC4,POLA2,ORC6,MCM7,PSMD13,POLE2,PSMC2,RPA4,RPA1,RPA2,MCM4",DNA replication & repair,3.4546928835341757
REACTOME_PATHWAY,Cellular responses to stimuli,35,209,852,10908,2.84e-05,0.000353,2.14,0.0268,0.000302,1.27e-05,R-HSA-8953897~Cellular responses to stimuli,"DCTN6,MRE11,PSMD13,CUL2,CUL1,CXXC1,TUBA1C,TUBA1B,CAPZB,PPP2R1A,AKT1,RICTOR,ATP6V1G3,ATP6V1F,DYNC1H1,ACD,ATP6V1G2,ST13,TXNRD1,RPA1,RPA2,WIPI1,HSPE1,DYNLL2,TUBA4A,SIRT3,RBX1,TFDP1,CAPZA3,CCNE1,PSMC2,POT1,RPL28,ACTR10,HSPA1A",Other,3.452225294612177
GOTERM_BP_DIRECT,DNA damage checkpoint signaling,7,248,41,16251,3.34e-05,0.00837,11.19,0.049,0.00825,2.56e-06,GO:0000077~DNA damage checkpoint signaling,"BRIP1,RPA4,RPA2,RAD1,INTS7,RAD9B,RAD9A",,2.07727454200674
REACTOME_PATHWAY,Golgi-to-ER retrograde transport,12,209,130,10908,3.72e-05,0.000457,4.82,0.035,0.000391,7.08e-06,R-HSA-8856688~Golgi-to-ER retrograde transport,"DCTN6,DYNC1H1,TUBA1C,KIF9,TUBA1B,CAPZB,KIF3B,CAPZA3,ACTR10,BICD1,DYNLL2,TUBA4A",Membrane trafficking & vesicular transport,3.3400837999301496
GOTERM_BP_DIRECT,chromosome segregation,10,248,109,16251,4.26e-05,0.00867,6.01,0.062,0.00854,6.49e-06,GO:0007059~chromosome segregation,"CENPT,DDX3Y,PPP2R1A,ESCO2,CENPO,PMF1,SKA1,SPC25,SKA2,CIAO1",,2.0619809025237896
REACTOME_PATHWAY,Recruitment of NuMA to mitotic centrosomes,10,209,88,10908,4.35e-05,0.000528,5.93,0.0408,0.000451,6.6e-06,R-HSA-380320~Recruitment of NuMA to mitotic centrosomes,"NEDD1,MZT2A,DYNC1H1,TUBA1C,TUBA1B,PPP2R1A,CSNK1D,MZT1,TUBA4A,HAUS1",Cell cycle & mitosis,3.277366077466188
GOTERM_BP_DIRECT,telomere maintenance,8,248,63,16251,4.61e-05,0.00867,8.32,0.067,0.00854,4.93e-06,GO:0000723~telomere maintenance,"ACD,MRE11,XRCC5,CCNE1,PRKDC,RPA1,RPA2,POT1",,2.0619809025237896
REACTOME_PATHWAY,Regulation of TP53 Activity through Phosphorylation,10,209,89,10908,4.76e-05,0.000563,5.86,0.0446,0.000482,7.32e-06,R-HSA-6804756~Regulation of TP53 Activity through Phosphorylation,"BRIP1,RMI2,MRE11,CDK5,RFC2,RPA1,RPA2,RAD1,RAD9B,RAD9A",Cell signaling,3.2494916051486538
REACTOME_PATHWAY,Adaptive Immune System,35,209,874,10908,4.76e-05,0.000563,2.09,0.0446,0.000482,2.19e-05,R-HSA-1280218~Adaptive Immune System,"DCTN6,CUL5,KMT2A,PSMD13,CUL2,CUL1,UBE2L6,PSMB10,PPP2CB,TUBA1C,TUBA1B,FCGR3A,CAPZB,KIF3B,PPP2R1A,AKT1,RICTOR,UBE2F,DYNC1H1,GLMN,ERLIN2,UBE2G2,ATG14,DYNLL2,TUBA4A,RBX1,ENAH,STIM1,CAPZA3,PSMC2,PSME1,UBE2N,CD226,FBXL3,ACTR10",Immune response & host–pathogen interactions,3.2494916051486538
REACTOME_PATHWAY,Resolution of Abasic Sites (AP sites),7,209,36,10908,5.4e-05,0.000631,10.15,0.0504,0.00054,4.46e-06,R-HSA-73933~Resolution of Abasic Sites (AP sites),"FEN1,PCNA,RFC1,RFC2,POLE2,RPA1,RPA2",DNA replication & repair,3.1999706407558657
GOTERM_BP_DIRECT,nucleotide-excision repair,7,248,45,16251,5.75e-05,0.00961,10.19,0.0829,0.00946,4.9e-06,GO:0006289~nucleotide-excision repair,"BRIP1,RPA4,RPA1,RPA2,ERCC8,COMMD1,RBX1",,2.0172766123314547
REACTOME_PATHWAY,Antimicrobial mechanism of IFN-stimulated genes,13,209,161,10908,5.81e-05,0.00067,4.21,0.0541,0.000573,1.27e-05,R-HSA-1169410~Antimicrobial mechanism of IFN-stimulated genes,"EIF4A1,UBE2L6,TUBA4A,ACTB,PPP2CB,TUBA1C,TUBA1B,PPP2R1A,PRKRA,UBE2N,MAPT,KPNA3,HSPA1A",Immune response & host–pathogen interactions,3.1739251972991736
REACTOME_PATHWAY,Base Excision Repair,9,209,72,10908,6.42e-05,0.000732,6.52,0.0596,0.000626,8.77e-06,R-HSA-73884~Base Excision Repair,"ACD,FEN1,PCNA,RFC1,RFC2,POLE2,RPA1,RPA2,POT1",DNA replication & repair,3.135488918941608
REACTOME_PATHWAY,PKR-mediated signaling,9,209,73,10908,7.09e-05,0.000799,6.43,0.0656,0.000683,9.84e-06,R-HSA-9833482~PKR-mediated signaling,"TUBA1C,PPP2CB,TUBA1B,PPP2R1A,PRKRA,UBE2L6,MAPT,TUBA4A,HSPA1A",Immune response & host–pathogen interactions,3.097453220686009
GOTERM_BP_DIRECT,cell division,18,248,380,16251,7.44e-05,0.0112,3.1,0.106,0.011,2.27e-05,GO:0051301~cell division,"CENPT,DYNC1H1,ERCC6L,KATNB1,ATAD3B,PMF1,SKA1,HAUS1,SKA2,MAD2L2,NEDD1,BABAM2,TUBA1C,PPP1CC,TUBA1B,CDK5,CCNE1,SPC25",,1.9507819773298183
REACTOME_PATHWAY,Gap-filling DNA repair synthesis and ligation in GG-NER,6,209,24,10908,7.6e-05,0.000837,13.05,0.0702,0.000715,4.65e-06,R-HSA-5696397~Gap-filling DNA repair synthesis and ligation in GG-NER,"PCNA,RFC1,RFC2,POLE2,RPA1,RPA2",DNA replication & repair,3.07727454200674
REACTOME_PATHWAY,Formation of tubulin folding intermediates by CCT/TriC,6,209,24,10908,7.6e-05,0.000837,13.05,0.0702,0.000715,4.65e-06,R-HSA-389960~Formation of tubulin folding intermediates by CCT/TriC,"CCT3,TUBA1C,TUBA1B,CCT7,TUBA4A,CCT6B",Cytoskeleton & Rho GTPase signaling,3.07727454200674
REACTOME_PATHWAY,Removal of the Flap Intermediate,5,209,13,10908,8.02e-05,0.000874,20.07,0.0739,0.000747,2.8e-06,R-HSA-69166~Removal of the Flap Intermediate,"POLA2,FEN1,PCNA,RPA1,RPA2",DNA replication & repair,3.058488567365597
REACTOME_PATHWAY,Transcription-Coupled Nucleotide Excision Repair (TC-NER),9,209,75,10908,8.62e-05,0.000928,6.26,0.0792,0.000793,1.23e-05,R-HSA-6781827~Transcription-Coupled Nucleotide Excision Repair (TC-NER),"PCNA,RFC1,RFC2,POLE2,RPA1,RPA2,ERCC8,POLR2F,RBX1",DNA replication & repair,3.032452023781138
REACTOME_PATHWAY,Dual Incision in GG-NER,7,209,40,10908,9.99e-05,0.00106,9.13,0.0912,0.000909,9.34e-06,R-HSA-5696400~Dual Incision in GG-NER,"PCNA,RFC1,RFC2,POLE2,RPA1,RPA2,RBX1",DNA replication & repair,2.9746941347352296
REACTOME_PATHWAY,Processive synthesis on the lagging strand,5,209,14,10908,0.000111,0.00117,18.64,0.1,0.000996,4.28e-06,R-HSA-69183~Processive synthesis on the lagging strand,"POLA2,FEN1,PCNA,RPA1,RPA2",DNA replication & repair,2.9318141382538383
REACTOME_PATHWAY,Organelle biogenesis and maintenance,17,209,286,10908,0.000115,0.00119,3.1,0.104,0.00102,3.48e-05,R-HSA-1852241~Organelle biogenesis and maintenance,"CCT3,DYNC1H1,MKKS,CSNK1D,DYNLL2,TUBA4A,HAUS1,SIRT3,DYNC2LI1,NEDD1,TUBA1C,TUBA1B,KIF3B,BBS12,PPP2R1A,MKS1,IFT56",Other,2.9244530386074694
GOTERM_BP_DIRECT,double-strand break repair,8,248,79,16251,0.000197,0.0231,6.64,0.256,0.0228,2.69e-05,GO:0006302~double-strand break repair,"MAD2L2,BABAM2,BRIP1,FEN1,MRE11,XRCC5,PRKDC,ESCO2",,1.6363880201078558
GOTERM_BP_DIRECT,double-strand break repair via homologous recombination,9,248,105,16251,0.000199,0.0231,5.62,0.259,0.0228,3.26e-05,GO:0000724~double-strand break repair via homologous recombination,"FEN1,RMI2,MRE11,DMC1,XRCC3,RPA4,RPA1,UBE2N,RPA2",,1.6363880201078558
GOTERM_BP_DIRECT,DNA-templated DNA replication,6,248,36,16251,0.0002,0.0231,10.92,0.26,0.0228,1.58e-05,GO:0006261~DNA-templated DNA replication,"ORC6,RFC1,RFC2,POLE2,RPA1,CDK2AP1",,1.6363880201078558
REACTOME_PATHWAY,"Signaling by Rho GTPases, Miro GTPases and RHOBTB3",28,209,685,10908,0.000253,0.0026,2.13,0.215,0.00223,0.000113,"R-HSA-9716542~Signaling by Rho GTPases, Miro GTPases and RHOBTB3","STEAP3,ERCC6L,WIPF2,MSI2,PMF1,SKA1,ACTB,SKA2,PPP2CB,TUBA1C,PPP1CC,TUBA1B,CAPZB,PPP2R1A,CFL1,CCT7,MYH10,CENPT,DYNC1H1,HSPE1,BAIAP2,DYNLL2,TUBA4A,KTN1,ACTC1,CCNE1,CENPO,SPC25",Cytoskeleton & Rho GTPase signaling,2.5850266520291822
GOTERM_BP_DIRECT,DNA recombination,8,248,83,16251,0.000268,0.0287,6.32,0.331,0.0283,3.86e-05,GO:0006310~DNA recombination,"PAGR1,FEN1,MRE11,XRCC5,XRCC3,RPA4,RPA1,RPA2",,1.5421181032660076
REACTOME_PATHWAY,Translesion Synthesis by POLH,5,209,18,10908,0.000319,0.00324,14.5,0.263,0.00277,1.72e-05,R-HSA-110320~Translesion Synthesis by POLH,"PCNA,RFC1,RFC2,RPA1,RPA2",DNA replication & repair,2.489454989793388
REACTOME_PATHWAY,Macroautophagy,11,209,139,10908,0.000322,0.00324,4.13,0.265,0.00277,7.2e-05,R-HSA-1632852~Macroautophagy,"DYNC1H1,TUBA1C,TUBA1B,UBE2N,TOMM7,TSC2,WIPI1,PGAM5,ATG14,DYNLL2,TUBA4A",Autophagy,2.489454989793388
REACTOME_PATHWAY,Intraflagellar transport,7,209,51,10908,0.000394,0.00393,7.16,0.314,0.00336,4.85e-05,R-HSA-5620924~Intraflagellar transport,"DYNC2LI1,TUBA1C,TUBA1B,KIF3B,IFT56,DYNLL2,TUBA4A",Membrane trafficking & vesicular transport,2.4056074496245734
REACTOME_PATHWAY,Signaling by Rho GTPases,27,209,669,10908,0.000412,0.00407,2.11,0.326,0.00348,0.000187,R-HSA-194315~Signaling by Rho GTPases,"STEAP3,ERCC6L,WIPF2,MSI2,PMF1,SKA1,ACTB,SKA2,PPP2CB,TUBA1C,PPP1CC,TUBA1B,CAPZB,PPP2R1A,CFL1,CCT7,MYH10,CENPT,DYNC1H1,HSPE1,BAIAP2,DYNLL2,TUBA4A,KTN1,ACTC1,CENPO,SPC25",Cytoskeleton & Rho GTPase signaling,2.39040559077478
REACTOME_PATHWAY,Intra-Golgi and retrograde Golgi-to-ER traffic,13,209,199,10908,0.00043,0.0042,3.41,0.337,0.00359,0.000117,R-HSA-6811442~Intra-Golgi and retrograde Golgi-to-ER traffic,"DCTN6,DYNC1H1,BICD1,DYNLL2,TUBA4A,TUBA1C,TUBA1B,KIF9,CAPZB,KIF3B,CAPZA3,ACTR10,SNAP29",Membrane trafficking & vesicular transport,2.3767507096020997
REACTOME_PATHWAY,MHC class II antigen presentation,10,209,121,10908,0.000501,0.00482,4.31,0.381,0.00412,0.000107,R-HSA-2132295~MHC class II antigen presentation,"DCTN6,DYNC1H1,TUBA1C,TUBA1B,CAPZB,KIF3B,CAPZA3,ACTR10,DYNLL2,TUBA4A",Immune response & host–pathogen interactions,2.3169529617611504
REACTOME_PATHWAY,Disease,59,209,2013,10908,0.000503,0.00482,1.53,0.382,0.00412,0.000319,R-HSA-1643685~Disease,"DDX3Y,EIF4A1,FEN1,MRE11,GTF2B,WIPF2,DDX42,HDLBP,UBE2L6,AUP1,ACTB,TUBA1C,PPP1CC,TUBA1B,FCGR3A,PPP2R1A,DHX16,AKT1,NELFA,VPS36,KPNA3,RMI2,RFC2,IL18,TSC2,MED4,ATG14,DYNLL2,TUBA4A,RBX1,TFDP1,CCNE1,MSH3,MED21,RPL28,CUL5,PSMD13,CUL1,RRBP1,PPP2CB,BRIP1,POLR2F,RICTOR,DYNC1H1,CPSF1,XRCC5,TXNRD1,RPA1,RPA2,ERLIN2,BAIAP2,POLA2,CDK5,PSMC2,UBE2N,RAD1,RAD9B,HSPA1A,RAD9A",Other,2.3169529617611504
REACTOME_PATHWAY,Gene expression (Transcription),46,209,1447,10908,0.000526,0.00499,1.66,0.396,0.00427,0.000307,R-HSA-74160~Gene expression (Transcription),"SLBP,STEAP3,MRE11,ELOF1,PCNA,KMT2A,PSMD13,GTF2B,INTS10,CUL1,CXXC1,ACTB,PAGR1,PPP2CB,BRIP1,PPP2R1A,SUMO2,AKT1,POLR2F,RICTOR,NELFA,TSNAX,RMI2,RRM2,BRF2,CPSF1,RFC2,TXNRD1,RPA1,TSC2,RPA2,DICER1,MED4,SIRT3,RBX1,OCLN,TFDP1,CDK5,CCNE1,PRKRA,PSMC2,MTF2,INTS7,RAD1,RAD9B,RAD9A",Protein & RNA homeostasis,2.3018994543766103
GOTERM_BP_DIRECT,protein folding,11,248,186,16251,0.000567,0.0568,3.88,0.574,0.056,0.000136,GO:0006457~protein folding,"CCT3,MKKS,ST13,TBCD,PFDN2,HSPE1,CCT7,PFDN5,HSPBP1,PFDN6,CCT6B",,1.245651664288981
REACTOME_PATHWAY,COPI-mediated anterograde transport,9,209,99,10908,0.000592,0.00556,4.74,0.433,0.00475,0.000114,R-HSA-6807878~COPI-mediated anterograde transport,"DCTN6,DYNC1H1,TUBA1C,TUBA1B,CAPZB,CAPZA3,ACTR10,DYNLL2,TUBA4A",Membrane trafficking & vesicular transport,2.2549252084179425
REACTOME_PATHWAY,Centrosome maturation,8,209,77,10908,0.000644,0.00593,5.42,0.46,0.00507,0.000108,R-HSA-380287~Centrosome maturation,"NEDD1,MZT2A,DYNC1H1,PPP2R1A,CSNK1D,MZT1,TUBA4A,HAUS1",Cell cycle & mitosis,2.2269453066357374
REACTOME_PATHWAY,Recruitment of mitotic centrosome proteins and complexes,8,209,77,10908,0.000644,0.00593,5.42,0.46,0.00507,0.000108,R-HSA-380270~Recruitment of mitotic centrosome proteins and complexes,"NEDD1,MZT2A,DYNC1H1,PPP2R1A,CSNK1D,MZT1,TUBA4A,HAUS1",Cell cycle & mitosis,2.2269453066357374
REACTOME_PATHWAY,Iron uptake and transport,7,209,57,10908,0.000722,0.00654,6.41,0.499,0.00559,0.000101,R-HSA-917937~Iron uptake and transport,"STEAP3,ATP6V1G2,STEAP4,GLRX3,CUL1,ATP6V1G3,ATP6V1F",Other,2.184422251675733
REACTOME_PATHWAY,Autophagy,11,209,154,10908,0.000724,0.00654,3.73,0.5,0.00559,0.00018,R-HSA-9612973~Autophagy,"DYNC1H1,TUBA1C,TUBA1B,UBE2N,TOMM7,TSC2,WIPI1,PGAM5,ATG14,DYNLL2,TUBA4A",Autophagy,2.184422251675733
REACTOME_PATHWAY,Folding of actin by CCT/TriC,4,209,10,10908,0.000743,0.00665,20.88,0.509,0.00569,2.51e-05,R-HSA-390450~Folding of actin by CCT/TriC,"CCT3,CCT7,ACTB,CCT6B",Cytoskeleton & Rho GTPase signaling,2.1771783546968955
GOTERM_BP_DIRECT,microtubule nucleation,5,248,28,16251,0.0008,0.0752,11.7,0.7,0.0741,5.86e-05,GO:0007020~microtubule nucleation,"NEDD1,MZT2A,CSNK1D,MZT1,ACTB",,1.1237821594083577
REACTOME_PATHWAY,Infectious disease,40,209,1223,10908,0.000828,0.00735,1.71,0.547,0.00628,0.000467,R-HSA-5663205~Infectious disease,"DDX3Y,EIF4A1,FEN1,CUL5,PSMD13,GTF2B,WIPF2,DDX42,HDLBP,UBE2L6,RRBP1,AUP1,ACTB,TUBA1C,PPP1CC,TUBA1B,FCGR3A,DHX16,AKT1,POLR2F,RICTOR,NELFA,VPS36,KPNA3,DYNC1H1,CPSF1,XRCC5,TXNRD1,IL18,ATG14,MED4,BAIAP2,DYNLL2,TUBA4A,RBX1,MED21,PSMC2,UBE2N,RPL28,HSPA1A",Immune response & host–pathogen interactions,2.1337126609158052
REACTOME_PATHWAY,Aggrephagy,6,209,41,10908,0.00103,0.00905,7.64,0.627,0.00774,0.000118,R-HSA-9646399~Aggrephagy,"DYNC1H1,TUBA1C,TUBA1B,UBE2N,DYNLL2,TUBA4A",Autophagy,2.0433514207947967
REACTOME_PATHWAY,Circadian clock,9,209,109,10908,0.00112,0.00973,4.31,0.657,0.00832,0.000238,R-HSA-9909396~Circadian clock,"PPP1CC,KMT2A,CDK5,PSMD13,PSMC2,CUL1,FBXL3,CSNK1D,RBX1",Other,2.011887159731648
GOTERM_BP_DIRECT,mitotic cell cycle,9,248,137,16251,0.00118,0.104,4.3,0.831,0.103,0.000255,GO:0000278~mitotic cell cycle,"CENPT,NEDD1,TUBA1C,PPP2CB,TUBA1B,TBCD,SKA1,TUBA4A,SKA2",,0.9829666607012196
REACTOME_PATHWAY,Selective autophagy,8,209,86,10908,0.00125,0.0107,4.86,0.697,0.00919,0.000234,R-HSA-9663891~Selective autophagy,"DYNC1H1,TUBA1C,TUBA1B,UBE2N,TOMM7,PGAM5,DYNLL2,TUBA4A",Autophagy,1.9706162223147903
REACTOME_PATHWAY,Viral Infection Pathways,34,209,1004,10908,0.00133,0.0114,1.77,0.721,0.00974,0.000724,R-HSA-9824446~Viral Infection Pathways,"DDX3Y,EIF4A1,FEN1,CUL5,PSMD13,GTF2B,DDX42,HDLBP,UBE2L6,RRBP1,AUP1,TUBA1C,PPP1CC,TUBA1B,DHX16,AKT1,POLR2F,RICTOR,NELFA,VPS36,KPNA3,DYNC1H1,CPSF1,XRCC5,ATG14,MED4,DYNLL2,TUBA4A,RBX1,MED21,PSMC2,UBE2N,RPL28,HSPA1A",Immune response & host–pathogen interactions,1.9430951486635273
GOTERM_BP_DIRECT,positive regulation of proteasomal ubiquitin-dependent protein catabolic process,7,248,81,16251,0.00145,0.121,5.66,0.888,0.12,0.000236,GO:0032436~positive regulation of proteasomal ubiquitin-dependent protein catabolic process,"PSMD10,SUMO2,AKT1,CSNK1D,HSPBP1,HSPA1A,RBX1",,0.9172146296835499
GOTERM_BP_DIRECT,proteasome-mediated ubiquitin-dependent protein catabolic process,14,248,330,16251,0.00167,0.132,2.78,0.919,0.13,0.000567,GO:0043161~proteasome-mediated ubiquitin-dependent protein catabolic process,"CUL5,PSMD13,CUL2,CUL1,UBE4B,PEX10,PSMB10,RBX1,PPP2CB,PSMC2,UBE2N,ERCC8,AKT1,FBXL3",,0.8794260687941501
REACTOME_PATHWAY,Mismatch repair (MMR) directed by MSH2:MSH3 (MutSbeta),4,209,13,10908,0.0017,0.0143,16.06,0.803,0.0122,8.18e-05,R-HSA-5358606~Mismatch repair (MMR) directed by MSH2:MSH3 (MutSbeta),"PCNA,MSH3,RPA1,RPA2",DNA replication & repair,1.8446639625349381
REACTOME_PATHWAY,Inhibition of replication initiation of damaged DNA by RB1/E2F1,4,209,13,10908,0.0017,0.0143,16.06,0.803,0.0122,8.18e-05,R-HSA-113501~Inhibition of replication initiation of damaged DNA by RB1/E2F1,"PPP2CB,POLA2,TFDP1,PPP2R1A",DNA replication & repair,1.8446639625349381
REACTOME_PATHWAY,G1/S-Specific Transcription,5,209,28,10908,0.00184,0.0153,9.32,0.828,0.0131,0.000169,R-HSA-69205~G1/S-Specific Transcription,"RRM2,TFDP1,PCNA,CCNE1,LIN9",Cell cycle & mitosis,1.8153085691824011
GOTERM_BP_DIRECT,ubiquitin-dependent protein catabolic process,12,248,255,16251,0.00185,0.139,3.08,0.938,0.137,0.000565,GO:0006511~ubiquitin-dependent protein catabolic process,"CUL5,PSMD13,UBD,PSMC2,CUL2,UBE2N,CUL1,UBE4B,UBE2L6,UBE2G2,RBX1,UBQLN2",,0.8569851997459049
GOTERM_BP_DIRECT,reciprocal meiotic recombination,5,248,36,16251,0.00209,0.15,9.1,0.957,0.148,0.000204,GO:0007131~reciprocal meiotic recombination,"MRE11,HFM1,DMC1,MND1,CCNB1IP1",,0.8239087409443188
REACTOME_PATHWAY,Polymerase switching,4,209,14,10908,0.00213,0.0173,14.91,0.87,0.0148,0.000113,R-HSA-69091~Polymerase switching,"POLA2,PCNA,RFC1,RFC2",DNA replication & repair,1.7619538968712045
REACTOME_PATHWAY,Mismatch Repair,4,209,14,10908,0.00213,0.0173,14.91,0.87,0.0148,0.000113,R-HSA-5358508~Mismatch Repair,"PCNA,MSH3,RPA1,RPA2",DNA replication & repair,1.7619538968712045
REACTOME_PATHWAY,Leading Strand Synthesis,4,209,14,10908,0.00213,0.0173,14.91,0.87,0.0148,0.000113,R-HSA-69109~Leading Strand Synthesis,"POLA2,PCNA,RFC1,RFC2",DNA replication & repair,1.7619538968712045
GOTERM_BP_DIRECT,negative regulation of protein localization,3,248,5,16251,0.00223,0.153,39.32,0.965,0.15,3.43e-05,GO:1903828~negative regulation of protein localization,"GRIPAP1,GDI1,VPS35",,0.8153085691824012
REACTOME_PATHWAY,Transferrin endocytosis and recycling,5,209,30,10908,0.00239,0.0192,8.7,0.898,0.0164,0.000237,R-HSA-917977~Transferrin endocytosis and recycling,"STEAP3,ATP6V1G2,STEAP4,ATP6V1G3,ATP6V1F",Membrane trafficking & vesicular transport,1.7166987712964503
REACTOME_PATHWAY,ER to Golgi Anterograde Transport,10,209,152,10908,0.00251,0.02,3.43,0.91,0.0171,0.000678,R-HSA-199977~ER to Golgi Anterograde Transport,"DCTN6,DYNC1H1,TUBA1C,TUBA1B,CAPZB,CAPZA3,CSNK1D,ACTR10,DYNLL2,TUBA4A",Membrane trafficking & vesicular transport,1.6989700043360187
REACTOME_PATHWAY,Cyclin E associated events during G1/S transition,7,209,73,10908,0.00263,0.0208,5.0,0.92,0.0178,0.000479,R-HSA-69202~Cyclin E associated events during G1/S transition,"TFDP1,CCNE1,PSMD13,PSMC2,CUL1,AKT1,LIN9",Cell cycle & mitosis,1.6819366650372385
REACTOME_PATHWAY,Hedgehog 'off' state,8,209,99,10908,0.0028,0.022,4.22,0.932,0.0188,0.000611,R-HSA-5610787~Hedgehog 'off' state,"TUBA1C,TUBA1B,PSMD13,PSMC2,CUL1,MKS1,TUBA4A,RBX1",Cell signaling,1.6575773191777938
GOTERM_BP_DIRECT,protein modification by small protein conjugation,4,248,19,16251,0.00281,0.17,13.8,0.985,0.167,0.000171,GO:0032446~protein modification by small protein conjugation,"UBD,UBE2N,UBE2L6,UBE2G2",,0.769551078621726
GOTERM_BP_DIRECT,regulation of DNA damage checkpoint,4,248,19,16251,0.00281,0.17,13.8,0.985,0.167,0.000171,GO:2000001~regulation of DNA damage checkpoint,"BABAM2,CUL1,RPA2,RBX1",,0.769551078621726
GOTERM_BP_DIRECT,cellular response to ionizing radiation,5,248,39,16251,0.00282,0.17,8.4,0.986,0.167,0.0003,GO:0071479~cellular response to ionizing radiation,"BABAM2,RAD1,INTS7,RAD9B,RAD9A",,0.769551078621726
REACTOME_PATHWAY,Immune System,58,209,2114,10908,0.00287,0.0223,1.43,0.936,0.0191,0.00194,R-HSA-168256~Immune System,"DDX3Y,EIF4A1,MRE11,WIPF2,UBE2L6,ACTB,TUBA1C,TUBA1B,FCGR3A,CAPZB,PPP2R1A,DHX58,CFL1,AKT1,SNAP29,KPNA3,ATP6V1G2,IL18,ATAD3B,ATG14,DYNLL2,TUBA4A,RBX1,ENAH,STIM1,BOLA2,PSME1,CD226,MAPT,LCP1,DCTN6,CUL5,KMT2A,PSMD13,PRKDC,CUL2,CUL1,PSMB10,PPP2CB,KIF3B,POLR2F,RICTOR,ATP6V1G3,ATP6V1F,UBE2F,DYNC1H1,XRCC5,GLMN,ERLIN2,UBE2G2,BAIAP2,CAPZA3,PRKRA,PSMC2,UBE2N,FBXL3,ACTR10,HSPA1A",Immune response & host–pathogen interactions,1.6516951369518393
REACTOME_PATHWAY,Cyclin A:Cdk2-associated events at S phase entry,7,209,75,10908,0.00302,0.0233,4.87,0.945,0.0199,0.000565,R-HSA-69656~Cyclin A:Cdk2-associated events at S phase entry,"TFDP1,CCNE1,PSMD13,PSMC2,CUL1,AKT1,LIN9",Cell cycle & mitosis,1.632644078973981
GOTERM_BP_DIRECT,RNA polymerase II transcription initiation surveillance,4,248,20,16251,0.00327,0.188,13.11,0.993,0.185,0.000212,GO:0160240~RNA polymerase II transcription initiation surveillance,"PPP2R1A,INTS10,INTS7,RBX1",,0.7258421507363202
GOTERM_BP_DIRECT,protein polyubiquitination,9,248,162,16251,0.00338,0.188,3.64,0.994,0.185,0.000861,GO:0000209~protein polyubiquitination,"UBE2F,UBE2N,CUL1,ERCC8,UBE4B,PEX10,UBE2L6,UBE2G2,RBX1",,0.7258421507363202
GOTERM_BP_DIRECT,positive regulation of G1/S transition of mitotic cell cycle,5,248,42,16251,0.00371,0.199,7.8,0.996,0.196,0.000426,GO:1900087~positive regulation of G1/S transition of mitotic cell cycle,"DDX3Y,RRM2,TFDP1,CCNE1,AKT1",,0.7011469235902933
GOTERM_BP_DIRECT,regulation of circadian rhythm,6,248,69,16251,0.00397,0.2,5.7,0.997,0.198,0.000638,GO:0042752~regulation of circadian rhythm,"PPP1CC,PRKDC,CUL1,FBXL3,CSNK1D,RBX1",,0.6989700043360187
GOTERM_BP_DIRECT,regulation of cell cycle,11,248,242,16251,0.004,0.2,2.98,0.998,0.198,0.00125,GO:0051726~regulation of cell cycle,"TFDP1,GADD45B,CDK5,MORF4L2,CUL1,TSC2,LIN9,IFNW1,ACTB,GADD45G,RBX1",,0.6989700043360187
REACTOME_PATHWAY,Membrane Trafficking,23,209,627,10908,0.00414,0.0317,1.91,0.981,0.0271,0.00205,R-HSA-199991~Membrane Trafficking,"DCTN6,DYNC1H1,GDI1,TSC2,CSNK1D,BICD1,DYNLL2,TUBA4A,ACTB,TUBA1C,TUBA1B,KIF9,GRK3,CAPZB,KIF3B,CAPZA3,BLOC1S3,AKT1,ACTR10,VPS36,SNAP29,SNX5,UBQLN2",Membrane trafficking & vesicular transport,1.4989407377822486
REACTOME_PATHWAY,Mitochondrial unfolded protein response (UPRmt),4,209,18,10908,0.00451,0.0343,11.6,0.987,0.0293,0.000325,R-HSA-9841251~Mitochondrial unfolded protein response (UPRmt),"AKT1,HSPE1,SIRT3,HSPA1A",Protein & RNA homeostasis,1.4647058799572295
REACTOME_PATHWAY,Neddylation,12,209,230,10908,0.00459,0.0346,2.72,0.988,0.0296,0.00158,R-HSA-8951664~Neddylation,"UBE2F,CUL5,PSMD13,UBD,PSMC2,CUL2,COMMD2,CUL1,ERCC8,FBXL3,COMMD1,RBX1",Ubiquitin-mediated protein degradation,1.4609239012072235
GOTERM_BP_DIRECT,proteasomal protein catabolic process,6,248,72,16251,0.00476,0.23,5.46,0.999,0.227,0.000801,GO:0010498~proteasomal protein catabolic process,"CUL5,PSMD13,PSMC2,CUL2,CUL1,PSMB10",,0.638272163982407
GOTERM_BP_DIRECT,chaperone-mediated protein complex assembly,4,248,23,16251,0.00491,0.23,11.4,0.999,0.227,0.000373,GO:0051131~chaperone-mediated protein complex assembly,"MKKS,BBS12,PFDN6,HSPA1A",,0.638272163982407
GOTERM_BP_DIRECT,mismatch repair,4,248,24,16251,0.00554,0.248,10.92,1.0,0.245,0.000442,GO:0006298~mismatch repair,"PCNA,MSH3,RPA1,RPA2",,0.6055483191737837
REACTOME_PATHWAY,Regulation of PLK1 Activity at G2/M Transition,7,209,85,10908,0.00561,0.042,4.3,0.995,0.0359,0.0012,R-HSA-2565942~Regulation of PLK1 Activity at G2/M Transition,"NEDD1,DYNC1H1,PPP2R1A,CUL1,CSNK1D,TUBA4A,HAUS1",Cell cycle & mitosis,1.3767507096020994
GOTERM_BP_DIRECT,protein transport,17,248,516,16251,0.00564,0.248,2.16,1.0,0.245,0.00248,GO:0015031~protein transport,"ARFGEF1,GRIPAP1,VPS29,GDI1,TIMM9,RRBP1,COMMD1,NXT2,KTN1,HEATR5B,VPS35,SEC23B,IFT56,CCDC93,SNAP29,KPNA3,SNX5",,0.6055483191737837
GOTERM_BP_DIRECT,intrinsic apoptotic signaling pathway,5,248,48,16251,0.006,0.248,6.83,1.0,0.245,0.000797,GO:0097193~intrinsic apoptotic signaling pathway,"DDX3Y,CUL5,CUL2,CUL1,HSPE1",,0.6055483191737837
GOTERM_BP_DIRECT,siRNA processing,3,248,8,16251,0.00606,0.248,24.57,1.0,0.245,0.000186,GO:0030422~siRNA processing,"TSNAX,PRKRA,DICER1",,0.6055483191737837
GOTERM_BP_DIRECT,DNA damage response,13,248,341,16251,0.00611,0.248,2.5,1.0,0.245,0.0023,GO:0006974~DNA damage response,"MRE11,MCM7,XRCC5,PRKDC,XRCC3,RPA1,RBX1,MAD2L2,BABAM2,ERCC8,RAD1,MAPT,RAD9A",,0.6055483191737837
REACTOME_PATHWAY,Association of TriC/CCT with target proteins during biosynthesis,5,209,39,10908,0.00627,0.0465,6.69,0.998,0.0398,0.000834,R-HSA-390471~Association of TriC/CCT with target proteins during biosynthesis,"CCT3,CCNE1,FBXL3,CCT7,CCT6B",Protein & RNA homeostasis,1.332547047110046
REACTOME_PATHWAY,Interferon Signaling,13,209,277,10908,0.00674,0.0497,2.45,0.998,0.0425,0.00258,R-HSA-913531~Interferon Signaling,"EIF4A1,UBE2L6,TUBA4A,ACTB,PPP2CB,TUBA1C,TUBA1B,PPP2R1A,PRKRA,UBE2N,MAPT,KPNA3,HSPA1A",Immune response & host–pathogen interactions,1.3036436112666678
GOTERM_BP_DIRECT,endocytic recycling,6,248,79,16251,0.00705,0.279,4.98,1.0,0.275,0.0013,GO:0032456~endocytic recycling,"VPS29,ACAP2,COMMD2,VPS35,COMMD1,CCDC93",,0.5543957967264024
REACTOME_PATHWAY,Post-chaperonin tubulin folding pathway,4,209,21,10908,0.00705,0.0516,9.94,0.999,0.0441,0.000607,R-HSA-389977~Post-chaperonin tubulin folding pathway,"TUBA1C,TUBA1B,TBCD,TUBA4A",,1.2873502983727887
REACTOME_PATHWAY,RNA Polymerase II Transcription,37,209,1258,10908,0.0081,0.0588,1.54,1.0,0.0502,0.00506,R-HSA-73857~RNA Polymerase II Transcription,"SLBP,STEAP3,MRE11,ELOF1,PCNA,KMT2A,PSMD13,GTF2B,INTS10,CUL1,PPP2CB,BRIP1,PPP2R1A,AKT1,POLR2F,RICTOR,NELFA,RMI2,RRM2,CPSF1,RFC2,TXNRD1,RPA1,TSC2,RPA2,MED4,SIRT3,RBX1,OCLN,TFDP1,CDK5,CCNE1,PSMC2,INTS7,RAD1,RAD9B,RAD9A",Protein & RNA homeostasis,1.2306226739238615
REACTOME_PATHWAY,Formation of Incision Complex in GG-NER,5,209,42,10908,0.00816,0.0588,6.21,1.0,0.0502,0.00118,R-HSA-5696395~Formation of Incision Complex in GG-NER,"SUMO2,RPA1,UBE2N,RPA2,RBX1",DNA replication & repair,1.2306226739238615
REACTOME_PATHWAY,Transport to the Golgi and subsequent modification,10,209,183,10908,0.0084,0.0601,2.85,1.0,0.0514,0.00275,R-HSA-948021~Transport to the Golgi and subsequent modification,"DCTN6,DYNC1H1,TUBA1C,TUBA1B,CAPZB,CAPZA3,CSNK1D,ACTR10,DYNLL2,TUBA4A",Membrane trafficking & vesicular transport,1.2211255279972604
REACTOME_PATHWAY,Vesicle-mediated transport,23,209,668,10908,0.00856,0.0607,1.8,1.0,0.0519,0.00452,R-HSA-5653656~Vesicle-mediated transport,"DCTN6,DYNC1H1,GDI1,TSC2,CSNK1D,BICD1,DYNLL2,TUBA4A,ACTB,TUBA1C,TUBA1B,KIF9,GRK3,CAPZB,KIF3B,CAPZA3,BLOC1S3,AKT1,ACTR10,VPS36,SNAP29,SNX5,UBQLN2",Membrane trafficking & vesicular transport,1.2168113089247425
REACTOME_PATHWAY,Loss of proteins required for interphase microtubule organization from the centrosome,6,209,67,10908,0.00891,0.0623,4.67,1.0,0.0533,0.00174,R-HSA-380284~Loss of proteins required for interphase microtubule organization from the centrosome,"NEDD1,DYNC1H1,PPP2R1A,CSNK1D,TUBA4A,HAUS1",Cytoskeleton & Rho GTPase signaling,1.2055119533408303
REACTOME_PATHWAY,Loss of Nlp from mitotic centrosomes,6,209,67,10908,0.00891,0.0623,4.67,1.0,0.0533,0.00174,R-HSA-380259~Loss of Nlp from mitotic centrosomes,"NEDD1,DYNC1H1,PPP2R1A,CSNK1D,TUBA4A,HAUS1",Cell cycle & mitosis,1.2055119533408303
GOTERM_BP_DIRECT,response to virus,7,248,118,16251,0.0093,0.356,3.89,1.0,0.351,0.00222,GO:0009615~response to virus,"DDX3Y,URI1,PRKRA,CFL1,DHX58,AUP1,IFNW1",,0.44855000202712486
REACTOME_PATHWAY,CDC6 association with the ORC:origin complex,3,209,8,10908,0.00939,0.0652,19.57,1.0,0.0558,0.000362,R-HSA-68689~CDC6 association with the ORC:origin complex,"ORC5,ORC4,ORC6",,1.1857524042680798
GOTERM_BP_DIRECT,stress granule assembly,4,248,29,16251,0.00947,0.356,9.04,1.0,0.351,0.000931,GO:0034063~stress granule assembly,"DDX3Y,DYNC1H1,MAPT,BICD1",,0.44855000202712486
REACTOME_PATHWAY,Cargo trafficking to the periciliary membrane,6,209,68,10908,0.00947,0.0652,4.61,1.0,0.0558,0.00188,R-HSA-5620920~Cargo trafficking to the periciliary membrane,"CCT3,TUBA1C,MKKS,TUBA1B,BBS12,TUBA4A",Membrane trafficking & vesicular transport,1.1857524042680798
REACTOME_PATHWAY,Anchoring of the basal body to the plasma membrane,7,209,95,10908,0.00953,0.0652,3.85,1.0,0.0558,0.00228,R-HSA-5620912~Anchoring of the basal body to the plasma membrane,"NEDD1,DYNC1H1,PPP2R1A,MKS1,CSNK1D,TUBA4A,HAUS1",,1.1857524042680798
REACTOME_PATHWAY,Negative regulation of NOTCH4 signaling,5,209,44,10908,0.00961,0.0653,5.93,1.0,0.0558,0.00146,R-HSA-9604323~Negative regulation of NOTCH4 signaling,"PSMD13,PSMC2,CUL1,AKT1,RBX1",Cell signaling,1.1850868187249262
REACTOME_PATHWAY,Meiosis,7,209,96,10908,0.01,0.0675,3.81,1.0,0.0577,0.00242,R-HSA-1500620~Meiosis,"ACD,MRE11,DMC1,RPA1,RPA2,POT1,MND1",,1.1706962271689751
REACTOME_PATHWAY,AURKA Activation by TPX2,6,209,70,10908,0.0107,0.071,4.47,1.0,0.0607,0.00218,R-HSA-8854518~AURKA Activation by TPX2,"NEDD1,DYNC1H1,PPP2R1A,CSNK1D,TUBA4A,HAUS1",Cell cycle & mitosis,1.1487416512809248
REACTOME_PATHWAY,Degradation of beta-catenin by the destruction complex,6,209,70,10908,0.0107,0.071,4.47,1.0,0.0607,0.00218,R-HSA-195253~Degradation of beta-catenin by the destruction complex,"PPP2CB,PSMD13,PPP2R1A,PSMC2,CUL1,RBX1",Cell signaling,1.1487416512809248
REACTOME_PATHWAY,Class I MHC mediated antigen processing & presentation,15,209,369,10908,0.011,0.0727,2.12,1.0,0.0622,0.00492,R-HSA-983169~Class I MHC mediated antigen processing & presentation,"UBE2F,CUL5,PSMD13,CUL2,GLMN,CUL1,UBE2L6,UBE2G2,ATG14,PSMB10,RBX1,PSMC2,UBE2N,PSME1,FBXL3",Immune response & host–pathogen interactions,1.138465589140962
REACTOME_PATHWAY,Translocation of SLC2A4 (GLUT4) to the plasma membrane,6,209,71,10908,0.0113,0.0742,4.41,1.0,0.0634,0.00234,R-HSA-1445148~Translocation of SLC2A4 (GLUT4) to the plasma membrane,"TUBA1C,TUBA1B,KIF3B,AKT1,ACTB,TUBA4A",,1.1295960947209729
REACTOME_PATHWAY,Small interfering RNA (siRNA) biogenesis,3,209,9,10908,0.0119,0.0772,17.4,1.0,0.066,0.000535,R-HSA-426486~Small interfering RNA (siRNA) biogenesis,"TSNAX,PRKRA,DICER1",,1.1123826996642638
REACTOME_PATHWAY,E2F-enabled inhibition of pre-replication complex formation,3,209,9,10908,0.0119,0.0772,17.4,1.0,0.066,0.000535,R-HSA-113507~E2F-enabled inhibition of pre-replication complex formation,"ORC5,ORC4,ORC6",,1.1123826996642638
REACTOME_PATHWAY,G1 Phase,5,209,47,10908,0.0121,0.0772,5.55,1.0,0.066,0.00196,R-HSA-69236~G1 Phase,"PPP2CB,TFDP1,CCNE1,PPP2R1A,CUL1",,1.1123826996642638
REACTOME_PATHWAY,Cyclin D associated events in G1,5,209,47,10908,0.0121,0.0772,5.55,1.0,0.066,0.00196,R-HSA-69231~Cyclin D associated events in G1,"PPP2CB,TFDP1,CCNE1,PPP2R1A,CUL1",,1.1123826996642638
REACTOME_PATHWAY,Degradation of CRY and PER proteins,5,209,48,10908,0.013,0.0824,5.44,1.0,0.0704,0.00216,R-HSA-9932298~Degradation of CRY and PER proteins,"PSMD13,PSMC2,CUL1,FBXL3,RBX1",Ubiquitin-mediated protein degradation,1.0840727883028842
GOTERM_BP_DIRECT,transcription-coupled nucleotide-excision repair,3,248,12,16251,0.0137,0.48,16.38,1.0,0.473,0.000698,GO:0006283~transcription-coupled nucleotide-excision repair,"ELOF1,ERCC8,RBX1",,0.3187587626244128
GOTERM_BP_DIRECT,telomere capping,3,248,12,16251,0.0137,0.48,16.38,1.0,0.473,0.000698,GO:0016233~telomere capping,"ACD,PRKDC,POT1",,0.3187587626244128
GOTERM_BP_DIRECT,anoikis,3,248,12,16251,0.0137,0.48,16.38,1.0,0.473,0.000698,GO:0043276~anoikis,"TFDP1,TSC2,AKT1",,0.3187587626244128
REACTOME_PATHWAY,Resolution of D-loop Structures through Synthesis-Dependent Strand Annealing (SDSA),4,209,27,10908,0.0143,0.0894,7.73,1.0,0.0764,0.00163,R-HSA-5693554~Resolution of D-loop Structures through Synthesis-Dependent Strand Annealing (SDSA),"BRIP1,RMI2,MRE11,XRCC3",DNA replication & repair,1.0486624812040823
REACTOME_PATHWAY,G0 and Early G1,4,209,27,10908,0.0143,0.0894,7.73,1.0,0.0764,0.00163,R-HSA-1538133~G0 and Early G1,"TFDP1,PCNA,CCNE1,LIN9",Cell cycle & mitosis,1.0486624812040823
GOTERM_BP_DIRECT,homologous chromosome pairing at meiosis,4,248,34,16251,0.0147,0.501,7.71,1.0,0.494,0.00171,GO:0007129~homologous chromosome pairing at meiosis,"MRE11,CCNE1,DMC1,MND1",,0.30016227413275426
REACTOME_PATHWAY,Signaling by Hedgehog,8,209,135,10908,0.0147,0.0917,3.09,1.0,0.0784,0.00441,R-HSA-5358351~Signaling by Hedgehog,"TUBA1C,TUBA1B,PSMD13,PSMC2,CUL1,MKS1,TUBA4A,RBX1",Cell signaling,1.0376306643299789
REACTOME_PATHWAY,Proteasome assembly,5,209,50,10908,0.0149,0.0923,5.22,1.0,0.0789,0.00259,R-HSA-9907900~Proteasome assembly,"PSMD10,PSMD13,PSMC2,PSME1,PSMB10",Ubiquitin-mediated protein degradation,1.034798298974088
REACTOME_PATHWAY,Activation of AMPK downstream of NMDARs,4,209,28,10908,0.0158,0.0968,7.46,1.0,0.0828,0.00187,R-HSA-9619483~Activation of AMPK downstream of NMDARs,"TUBA1C,TUBA1B,MAPT,TUBA4A",,1.0141246426916064
GOTERM_BP_DIRECT,negative regulation of amyloid fibril formation,3,248,13,16251,0.0161,0.537,15.12,1.0,0.529,0.000897,GO:1905907~negative regulation of amyloid fibril formation,"PFDN2,PFDN5,PFDN6",,0.27002571430044436
GOTERM_BP_DIRECT,protein ubiquitination,16,248,536,16251,0.0173,0.565,1.96,1.0,0.556,0.00836,GO:0016567~protein ubiquitination,"CUL5,CUL2,CUL1,UBE4B,PEX10,UBE2L6,UBE2G2,CCNB1IP1,RBX1,MED21,UBD,UBE2N,ERCC8,AKT1,FBXL3,SAE1",,0.2479515521805615
GOTERM_BP_DIRECT,determination of left/right symmetry,5,248,66,16251,0.018,0.576,4.96,1.0,0.567,0.00333,GO:0007368~determination of left/right symmetry,"DYNC2LI1,MKKS,KIF3B,MKS1,DNAAF4",,0.239577516576788
GOTERM_BP_DIRECT,mitotic sister chromatid segregation,4,248,37,16251,0.0184,0.577,7.08,1.0,0.569,0.00235,GO:0000070~mitotic sister chromatid segregation,"PPP1CC,ESPL1,SKA1,SKA2",,0.2388241868442686
REACTOME_PATHWAY,Assembly of the pre-replicative complex,7,209,110,10908,0.0186,0.114,3.32,1.0,0.0971,0.00516,R-HSA-68867~Assembly of the pre-replicative complex,"ORC5,ORC4,ORC6,MCM7,PSMD13,PSMC2,MCM4",DNA replication & repair,0.9430951486635274
GOTERM_BP_DIRECT,spindle assembly,4,248,38,16251,0.0198,0.607,6.9,1.0,0.598,0.0026,GO:0051225~spindle assembly,"PPP2R1A,GTF2B,CSNK1D,HAUS1",,0.21681130892474243
REACTOME_PATHWAY,RHO GTPases activate IQGAPs,4,209,31,10908,0.0207,0.126,6.73,1.0,0.108,0.00275,R-HSA-5626467~RHO GTPases activate IQGAPs,"TUBA1C,TUBA1B,ACTB,TUBA4A",,0.8996294548824371
REACTOME_PATHWAY,IRF3-mediated induction of type I IFN,3,209,12,10908,0.0211,0.127,13.05,1.0,0.108,0.00134,R-HSA-3270619~IRF3-mediated induction of type I IFN,"MRE11,XRCC5,PRKDC",,0.8961962790440431
GOTERM_BP_DIRECT,positive regulation of telomere maintenance,4,248,39,16251,0.0212,0.625,6.72,1.0,0.616,0.00286,GO:0032206~positive regulation of telomere maintenance,"ACD,MRE11,NVL,POT1",,0.2041199826559248
GOTERM_BP_DIRECT,regulation of microtubule polymerization or depolymerization,3,248,15,16251,0.0212,0.625,13.11,1.0,0.616,0.00139,GO:0031110~regulation of microtubule polymerization or depolymerization,"MAPT,SKA1,SKA2",,0.2041199826559248
GOTERM_BP_DIRECT,DNA metabolic process,4,248,40,16251,0.0227,0.643,6.55,1.0,0.633,0.00314,GO:0006259~DNA metabolic process,"MCM7,POLE2,DMC1,MCM4",,0.1917890270757779
GOTERM_BP_DIRECT,microtubule-based process,4,248,40,16251,0.0227,0.643,6.55,1.0,0.633,0.00314,GO:0007017~microtubule-based process,"TUBA1C,TUBA1B,DYNLL2,TUBA4A",,0.1917890270757779
REACTOME_PATHWAY,Nonhomologous End-Joining (NHEJ),5,209,57,10908,0.0231,0.138,4.58,1.0,0.118,0.00459,R-HSA-5693571~Nonhomologous End-Joining (NHEJ),"BABAM2,MRE11,XRCC5,PRKDC,UBE2N",,0.8601209135987634
REACTOME_PATHWAY,Antigen processing: Ubiquitination & Proteasome degradation,12,209,291,10908,0.024,0.143,2.15,1.0,0.122,0.0104,R-HSA-983168~Antigen processing: Ubiquitination & Proteasome degradation,"UBE2F,CUL5,PSMD13,PSMC2,CUL2,GLMN,UBE2N,CUL1,FBXL3,UBE2L6,UBE2G2,RBX1",Immune response & host–pathogen interactions,0.8446639625349383
REACTOME_PATHWAY,Kinesins,5,209,58,10908,0.0245,0.144,4.5,1.0,0.123,0.00495,R-HSA-983189~Kinesins,"TUBA1C,KIF9,TUBA1B,KIF3B,TUBA4A",,0.8416375079047503
REACTOME_PATHWAY,Telomere C-strand synthesis initiation,3,209,13,10908,0.0246,0.144,12.04,1.0,0.123,0.00172,R-HSA-174430~Telomere C-strand synthesis initiation,"ACD,POLA2,POT1",DNA replication & repair,0.8416375079047503
REACTOME_PATHWAY,Mismatch repair (MMR) directed by MSH2:MSH6 (MutSalpha),3,209,13,10908,0.0246,0.144,12.04,1.0,0.123,0.00172,R-HSA-5358565~Mismatch repair (MMR) directed by MSH2:MSH6 (MutSalpha),"PCNA,RPA1,RPA2",DNA replication & repair,0.8416375079047503
GOTERM_BP_DIRECT,regulation of apoptotic process,9,248,233,16251,0.0263,0.723,2.53,1.0,0.712,0.00959,GO:0042981~regulation of apoptotic process,"DFFA,CDK5,MORF4L2,CUL1,DDX42,CARD18,AKT1,ACTB,RBX1",,0.1408617027054692
GOTERM_BP_DIRECT,DNA replication checkpoint signaling,3,248,17,16251,0.0269,0.723,11.56,1.0,0.712,0.00204,GO:0000076~DNA replication checkpoint signaling,"RFC2,RAD9B,RAD9A",,0.1408617027054692
GOTERM_BP_DIRECT,regulation of DNA-templated DNA replication initiation,3,248,17,16251,0.0269,0.723,11.56,1.0,0.712,0.00204,GO:0030174~regulation of DNA-templated DNA replication initiation,"MCM7,MCM4,RBX1",,0.1408617027054692
REACTOME_PATHWAY,Regulation of actin dynamics for phagocytic cup formation,5,209,60,10908,0.0273,0.159,4.35,1.0,0.136,0.00572,R-HSA-2029482~Regulation of actin dynamics for phagocytic cup formation,"FCGR3A,WIPF2,CFL1,BAIAP2,ACTB",,0.7986028756795485
GOTERM_BP_DIRECT,protein import into nucleus,6,248,112,16251,0.0281,0.735,3.51,1.0,0.724,0.00742,GO:0006606~protein import into nucleus,"POLA2,CFL1,TSC2,AKT1,KPNA3,APPL2",,0.1337126609158051
REACTOME_PATHWAY,Metabolism of proteins,51,209,2027,10908,0.0282,0.162,1.31,1.0,0.139,0.0206,R-HSA-392499~Metabolism of proteins,"EIF4A1,UBE2L6,ACTB,CCT6B,TUBA1C,BABAM2,TUBA1B,CAPZB,SUMO2,NANS,CCT3,COMMD2,CSNK1D,COMMD1,DYNLL2,TUBA4A,RBX1,CCNE1,PSME1,PFDN2,RPL28,PFDN5,PFDN6,DCTN6,PSMD10,PCNA,CUL5,PSMD13,PRKDC,TIMM9,CUL2,CUL1,PSMB10,UBD,ASCC2,CCT7,UBE2F,DYNC1H1,RPA1,TBCD,PEX10,UBE2G2,KTN1,CAPZA3,PSMC2,UBE2N,ERCC8,EIF3E,FBXL3,SAE1,ACTR10",Protein & RNA homeostasis,0.790484985457369
REACTOME_PATHWAY,Phosphorylation and nuclear translocation of the CRY:PER:kinase complex,3,209,14,10908,0.0283,0.162,11.18,1.0,0.139,0.00216,R-HSA-9931530~Phosphorylation and nuclear translocation of the CRY:PER:kinase complex,"PPP1CC,CDK5,CSNK1D",,0.790484985457369
GOTERM_BP_DIRECT,negative regulation of actin filament polymerization,3,248,18,16251,0.03,0.735,10.92,1.0,0.724,0.00242,GO:0030837~negative regulation of actin filament polymerization,"ARFGEF1,MKKS,TWF2",,0.1337126609158051
GOTERM_BP_DIRECT,ribosome-associated ubiquitin-dependent protein catabolic process,3,248,18,16251,0.03,0.735,10.92,1.0,0.724,0.00242,GO:1990116~ribosome-associated ubiquitin-dependent protein catabolic process,"CUL2,ASCC2,RBX1",,0.1337126609158051
GOTERM_BP_DIRECT,RNA polymerase II core complex assembly,2,248,2,16251,0.0302,0.735,65.53,1.0,0.724,0.000232,GO:1990114~RNA polymerase II core complex assembly,"GTF2B,PFDN5",,0.1337126609158051
GOTERM_BP_DIRECT,positive regulation of platelet formation,2,248,2,16251,0.0302,0.735,65.53,1.0,0.724,0.000232,GO:1905221~positive regulation of platelet formation,"PRKDC,MPL",,0.1337126609158051
REACTOME_PATHWAY,Resolution of D-loop Structures through Holliday Junction Intermediates,4,209,36,10908,0.0308,0.174,5.8,1.0,0.149,0.00477,R-HSA-5693568~Resolution of D-loop Structures through Holliday Junction Intermediates,"BRIP1,RMI2,MRE11,XRCC3",DNA replication & repair,0.7594507517174003
REACTOME_PATHWAY,Regulation of TP53 Degradation,4,209,36,10908,0.0308,0.174,5.8,1.0,0.149,0.00477,R-HSA-6804757~Regulation of TP53 Degradation,"PPP2CB,PPP2R1A,AKT1,RICTOR",Cell signaling,0.7594507517174003
GOTERM_BP_DIRECT,cellular response to stress,4,248,45,16251,0.0308,0.735,5.82,1.0,0.724,0.00483,GO:0033554~cellular response to stress,"AKT1,PDK2,SIRT3,HSPA1A",,0.1337126609158051
GOTERM_BP_DIRECT,positive regulation of DNA repair,4,248,45,16251,0.0308,0.735,5.82,1.0,0.724,0.00483,GO:0045739~positive regulation of DNA repair,"BABAM2,PCNA,UBE2N,ERCC8",,0.1337126609158051
REACTOME_PATHWAY,The role of GTSE1 in G2/M progression after G2 checkpoint,5,209,63,10908,0.0319,0.18,4.14,1.0,0.154,0.00703,R-HSA-8852276~The role of GTSE1 in G2/M progression after G2 checkpoint,"TUBA1C,TUBA1B,PSMD13,PSMC2,TUBA4A",Cell cycle & mitosis,0.744727494896694
REACTOME_PATHWAY,STING mediated induction of host immune responses,3,209,15,10908,0.0323,0.181,10.44,1.0,0.155,0.00266,R-HSA-1834941~STING mediated induction of host immune responses,"MRE11,XRCC5,PRKDC",,0.7423214251308154
REACTOME_PATHWAY,Resolution of D-Loop Structures,4,209,37,10908,0.033,0.183,5.64,1.0,0.156,0.00527,R-HSA-5693537~Resolution of D-Loop Structures,"BRIP1,RMI2,MRE11,XRCC3",DNA replication & repair,0.7375489102695706
REACTOME_PATHWAY,Regulation of TP53 Expression and Degradation,4,209,37,10908,0.033,0.183,5.64,1.0,0.156,0.00527,R-HSA-6806003~Regulation of TP53 Expression and Degradation,"PPP2CB,PPP2R1A,AKT1,RICTOR",Cell signaling,0.7375489102695706
GOTERM_BP_DIRECT,synaptic vesicle lumen acidification,3,248,19,16251,0.0332,0.776,10.35,1.0,0.765,0.00284,GO:0097401~synaptic vesicle lumen acidification,"ATP6V1G2,ATP6V1G3,ATP6V1F",,0.11013827874181155
GOTERM_BP_DIRECT,SCF-dependent proteasomal ubiquitin-dependent protein catabolic process,5,248,80,16251,0.0336,0.776,4.1,1.0,0.765,0.00755,GO:0031146~SCF-dependent proteasomal ubiquitin-dependent protein catabolic process,"CUL5,CUL2,CUL1,FBXL3,RBX1",,0.11013827874181155
GOTERM_BP_DIRECT,cellular response to epidermal growth factor stimulus,4,248,47,16251,0.0344,0.784,5.58,1.0,0.773,0.00565,GO:0071364~cellular response to epidermal growth factor stimulus,"MCM7,CFL1,AKT1,BAIAP2",,0.10568393731556154
REACTOME_PATHWAY,Factors involved in megakaryocyte development and platelet production,8,209,161,10908,0.0345,0.19,2.59,1.0,0.162,0.0123,R-HSA-983231~Factors involved in megakaryocyte development and platelet production,"TUBA1C,KIF9,TUBA1B,CAPZB,KIF3B,CDK5,ACTB,TUBA4A",,0.721246399047171
GOTERM_BP_DIRECT,mitotic intra-S DNA damage checkpoint signaling,3,248,20,16251,0.0365,0.795,9.83,1.0,0.784,0.0033,GO:0031573~mitotic intra-S DNA damage checkpoint signaling,"MRE11,RAD9B,RAD9A",,0.09963287134352969
GOTERM_BP_DIRECT,snRNA processing,3,248,20,16251,0.0365,0.795,9.83,1.0,0.784,0.0033,GO:0016180~snRNA processing,"PPP2R1A,INTS10,INTS7",,0.09963287134352969
GOTERM_BP_DIRECT,barbed-end actin filament capping,3,248,20,16251,0.0365,0.795,9.83,1.0,0.784,0.0033,GO:0051016~barbed-end actin filament capping,"CAPZB,CAPZA3,TWF2",,0.09963287134352969
REACTOME_PATHWAY,Meiotic recombination,5,209,66,10908,0.037,0.202,3.95,1.0,0.173,0.00854,R-HSA-912446~Meiotic recombination,"MRE11,DMC1,RPA1,RPA2,MND1",,0.6946486305533762
REACTOME_PATHWAY,Cytokine Signaling in Immune system,23,209,771,10908,0.0373,0.202,1.56,1.0,0.173,0.0226,R-HSA-1280215~Cytokine Signaling in Immune system,"EIF4A1,CUL5,PSMD13,CUL1,IL18,UBE2L6,TUBA4A,ACTB,RBX1,PPP2CB,TUBA1C,TUBA1B,PPP2R1A,PRKRA,PSMC2,BOLA2,CFL1,UBE2N,AKT1,LCP1,MAPT,KPNA3,HSPA1A",Immune response & host–pathogen interactions,0.6946486305533762
REACTOME_PATHWAY,Programmed Cell Death,9,209,199,10908,0.0373,0.202,2.36,1.0,0.173,0.0145,R-HSA-5357801~Programmed Cell Death,"DFFA,OCLN,TFDP1,PSMD13,PSMC2,IL18,AKT1,MAPT,DYNLL2",Other,0.6946486305533762
GOTERM_BP_DIRECT,macroautophagy,5,248,83,16251,0.0377,0.799,3.95,1.0,0.788,0.00879,GO:0016236~macroautophagy,"VPS13C,PGAM5,ATG14,VPS36,SNAP29",,0.09745322068600858
REACTOME_PATHWAY,Generic Transcription Pathway,32,209,1175,10908,0.0382,0.206,1.42,1.0,0.176,0.0255,R-HSA-212436~Generic Transcription Pathway,"STEAP3,MRE11,ELOF1,PCNA,KMT2A,PSMD13,CUL1,PPP2CB,BRIP1,PPP2R1A,AKT1,POLR2F,RICTOR,NELFA,RMI2,RRM2,RFC2,TXNRD1,RPA1,TSC2,RPA2,MED4,SIRT3,RBX1,OCLN,TFDP1,CDK5,CCNE1,PSMC2,RAD1,RAD9B,RAD9A",Protein & RNA homeostasis,0.6861327796308466
GOTERM_BP_DIRECT,RNA polymerase II preinitiation complex assembly,4,248,49,16251,0.0383,0.799,5.35,1.0,0.788,0.00655,GO:0051123~RNA polymerase II preinitiation complex assembly,"TAF6L,MED21,GTF2B,MED4",,0.09745322068600858
GOTERM_BP_DIRECT,protein monoubiquitination,4,248,49,16251,0.0383,0.799,5.35,1.0,0.788,0.00655,GO:0006513~protein monoubiquitination,"UBE2N,CUL1,UBE4B,RBX1",,0.09745322068600858
REACTOME_PATHWAY,G1/S DNA Damage Checkpoints,5,209,67,10908,0.0388,0.208,3.89,1.0,0.177,0.00909,R-HSA-69615~G1/S DNA Damage Checkpoints,"CCNE1,PSMD13,PSMC2,CUL1,RBX1",DNA replication & repair,0.6819366650372385
GOTERM_BP_DIRECT,G1/S transition of mitotic cell cycle,5,248,84,16251,0.0391,0.805,3.9,1.0,0.793,0.00923,GO:0000082~G1/S transition of mitotic cell cycle,"CUL5,CCNE1,CUL2,CUL1,RBX1",,0.09420411963213146
REACTOME_PATHWAY,Apoptosis,8,209,166,10908,0.0397,0.211,2.52,1.0,0.181,0.0145,R-HSA-109581~Apoptosis,"DFFA,OCLN,TFDP1,PSMD13,PSMC2,AKT1,MAPT,DYNLL2",Other,0.6757175447023074
GOTERM_BP_DIRECT,positive regulation of mitotic cell cycle spindle assembly checkpoint,3,248,21,16251,0.04,0.812,9.36,1.0,0.8,0.00381,GO:0090267~positive regulation of mitotic cell cycle spindle assembly checkpoint,"DYNC1H1,XRCC3,DYNLL2",,0.09044397075882467
REACTOME_PATHWAY,Reproduction,7,209,132,10908,0.0405,0.215,2.77,1.0,0.183,0.0135,R-HSA-1474165~Reproduction,"ACD,MRE11,DMC1,RPA1,RPA2,POT1,MND1",,0.6675615400843947
REACTOME_PATHWAY,Microtubule-dependent trafficking of connexons from Golgi to the plasma membrane,3,209,17,10908,0.0408,0.215,9.21,1.0,0.184,0.00387,R-HSA-190840~Microtubule-dependent trafficking of connexons from Golgi to the plasma membrane,"TUBA1C,TUBA1B,TUBA4A",,0.6675615400843947
REACTOME_PATHWAY,Regulation of T cell activation by CD28 family,10,209,242,10908,0.0423,0.221,2.16,1.0,0.189,0.0182,R-HSA-388841~Regulation of T cell activation by CD28 family,"PPP2CB,KMT2A,PSMD13,PPP2R1A,PSMC2,CUL1,AKT1,RICTOR,ERLIN2,RBX1",Immune response & host–pathogen interactions,0.6556077263148893
REACTOME_PATHWAY,Vif-mediated degradation of APOBEC3G,4,209,41,10908,0.0429,0.222,5.09,1.0,0.19,0.00762,R-HSA-180585~Vif-mediated degradation of APOBEC3G,"CUL5,PSMD13,PSMC2,RBX1",Immune response & host–pathogen interactions,0.6536470255493614
REACTOME_PATHWAY,Cross-presentation of soluble exogenous antigens (endosomes),4,209,41,10908,0.0429,0.222,5.09,1.0,0.19,0.00762,R-HSA-1236978~Cross-presentation of soluble exogenous antigens (endosomes),"PSMD13,PSMC2,PSME1,PSMB10",Immune response & host–pathogen interactions,0.6536470255493614
GOTERM_BP_DIRECT,actin polymerization or depolymerization,3,248,22,16251,0.0435,0.848,8.94,1.0,0.835,0.00436,GO:0008154~actin polymerization or depolymerization,"ENAH,CAPZB,CFL1",,0.07160414774328619
GOTERM_BP_DIRECT,cell population proliferation,7,248,169,16251,0.0445,0.848,2.71,1.0,0.835,0.015,GO:0008283~cell population proliferation,"MRE11,MCM7,TXNRD1,IL18,CUL1,AKT1,RBX1",,0.07160414774328619
GOTERM_BP_DIRECT,negative regulation of beige fat cell differentiation,2,248,3,16251,0.0449,0.848,43.69,1.0,0.835,0.000689,GO:0160276~negative regulation of beige fat cell differentiation,"CUL2,RBX1",,0.07160414774328619
GOTERM_BP_DIRECT,telomere assembly,2,248,3,16251,0.0449,0.848,43.69,1.0,0.835,0.000689,GO:0032202~telomere assembly,"ACD,POT1",,0.07160414774328619
GOTERM_BP_DIRECT,small-subunit processome assembly,2,248,3,16251,0.0449,0.848,43.69,1.0,0.835,0.000689,GO:0034462~small-subunit processome assembly,"XRCC5,PRKDC",,0.07160414774328619
GOTERM_BP_DIRECT,positive regulation of cell growth,5,248,88,16251,0.0451,0.848,3.72,1.0,0.835,0.0112,GO:0030307~positive regulation of cell growth,"PSMD10,DDX3Y,CFL1,AKT1,RICTOR",,0.07160414774328619
REACTOME_PATHWAY,Transport of connexons to the plasma membrane,3,209,18,10908,0.0453,0.232,8.7,1.0,0.198,0.00457,R-HSA-190872~Transport of connexons to the plasma membrane,"TUBA1C,TUBA1B,TUBA4A",,0.6345120151091003
REACTOME_PATHWAY,GSK3B and BTRC:CUL1-mediated-degradation of NFE2L2,4,209,42,10908,0.0455,0.232,4.97,1.0,0.198,0.0083,R-HSA-9762114~GSK3B and BTRC:CUL1-mediated-degradation of NFE2L2,"PSMD13,PSMC2,CUL1,RBX1",Cell signaling,0.6345120151091003
REACTOME_PATHWAY,FBXL7 down-regulates AURKA during mitotic entry and in early mitosis,4,209,42,10908,0.0455,0.232,4.97,1.0,0.198,0.0083,R-HSA-8854050~FBXL7 down-regulates AURKA during mitotic entry and in early mitosis,"PSMD13,PSMC2,CUL1,RBX1",Cell cycle & mitosis,0.6345120151091003
GOTERM_BP_DIRECT,positive regulation of telomere maintenance via telomerase,3,248,23,16251,0.0472,0.855,8.55,1.0,0.842,0.00496,GO:0032212~positive regulation of telomere maintenance via telomerase,"CCT3,POT1,CCT7",,0.06803388527182737
GOTERM_BP_DIRECT,positive regulation of microtubule polymerization,3,248,23,16251,0.0472,0.855,8.55,1.0,0.842,0.00496,GO:0031116~positive regulation of microtubule polymerization,"OCLN,MAPT,SKA1",,0.06803388527182737
GOTERM_BP_DIRECT,regulation of transcription elongation by RNA polymerase II,3,248,23,16251,0.0472,0.855,8.55,1.0,0.842,0.00496,GO:0034243~regulation of transcription elongation by RNA polymerase II,"PPP2R1A,INTS10,INTS7",,0.06803388527182737
GOTERM_BP_DIRECT,response to oxidative stress,7,248,172,16251,0.0478,0.855,2.67,1.0,0.843,0.0164,GO:0006979~response to oxidative stress,"PCNA,PSMD13,TXNRD1,PSMC2,PSME1,ERCC8,AKT1",,0.06803388527182737
REACTOME_PATHWAY,Post-translational protein modification,37,209,1431,10908,0.0481,0.244,1.35,1.0,0.209,0.0339,R-HSA-597592~Post-translational protein modification,"PSMD10,DCTN6,PCNA,CUL5,PSMD13,PRKDC,CUL2,CUL1,PSMB10,ACTB,BABAM2,TUBA1C,TUBA1B,CAPZB,UBD,SUMO2,NANS,UBE2F,DYNC1H1,RPA1,COMMD2,PEX10,CSNK1D,COMMD1,UBE2G2,DYNLL2,TUBA4A,KTN1,RBX1,CAPZA3,PSMC2,PSME1,UBE2N,ERCC8,FBXL3,SAE1,ACTR10",Protein & RNA homeostasis,0.6126101736612706
REACTOME_PATHWAY,Transcription of E2F targets under negative control by DREAM complex,3,209,19,10908,0.05,0.252,8.24,1.0,0.215,0.00536,R-HSA-1362277~Transcription of E2F targets under negative control by DREAM complex,"TFDP1,PCNA,LIN9",Cell cycle & mitosis,0.5985994592184559
REACTOME_PATHWAY,Signaling by NOTCH4,5,209,73,10908,0.0505,0.252,3.57,1.0,0.215,0.0129,R-HSA-9013694~Signaling by NOTCH4,"PSMD13,PSMC2,CUL1,AKT1,RBX1",Cell signaling,0.5985994592184559
REACTOME_PATHWAY,Protein ubiquitination,5,209,73,10908,0.0505,0.252,3.57,1.0,0.215,0.0129,R-HSA-8852135~Protein ubiquitination,"PCNA,PRKDC,UBE2N,PEX10,UBE2G2",Ubiquitin-mediated protein degradation,0.5985994592184559
GOTERM_BP_DIRECT,blastocyst development,3,248,24,16251,0.051,0.902,8.19,1.0,0.889,0.00561,GO:0001824~blastocyst development,"PPP1CC,RRM2,MED21",,0.04479346245805826
REACTOME_PATHWAY,GSK3B-mediated proteasomal degradation of PD-L1(CD274),4,209,44,10908,0.0511,0.254,4.74,1.0,0.217,0.00977,R-HSA-9929356~GSK3B-mediated proteasomal degradation of PD-L1(CD274),"PSMD13,PSMC2,CUL1,RBX1",Immune response & host–pathogen interactions,0.595166283380062
GOTERM_BP_DIRECT,ERAD pathway,5,248,93,16251,0.0533,0.912,3.52,1.0,0.898,0.0139,GO:0036503~ERAD pathway,"UBE4B,AUP1,ERLIN2,UBE2G2,UBQLN2",,0.04000516167158381
GOTERM_BP_DIRECT,protein destabilization,4,248,56,16251,0.0534,0.912,4.68,1.0,0.898,0.0105,GO:0031648~protein destabilization,"PRKDC,FBXL3,VPS35,COMMD1",,0.04000516167158381
GOTERM_BP_DIRECT,regulation of proteasomal protein catabolic process,4,248,56,16251,0.0534,0.912,4.68,1.0,0.898,0.0105,GO:0061136~regulation of proteasomal protein catabolic process,"PSMD13,PSMC2,PSME1,DNAAF4",,0.04000516167158381
REACTOME_PATHWAY,Recycling pathway of L1,4,209,45,10908,0.054,0.267,4.64,1.0,0.228,0.0106,R-HSA-437239~Recycling pathway of L1,"TUBA1C,TUBA1B,ACTB,TUBA4A",,0.5734887386354247
GOTERM_BP_DIRECT,negative regulation of intrinsic apoptotic signaling pathway,3,248,25,16251,0.0549,0.927,7.86,1.0,0.913,0.0063,GO:2001243~negative regulation of intrinsic apoptotic signaling pathway,"DDX3Y,URI1,AKT1",,0.0329202658555029
REACTOME_PATHWAY,Dengue Virus Infection,13,209,375,10908,0.0554,0.272,1.81,1.0,0.233,0.0284,R-HSA-9839923~Dengue Virus Infection,"DDX3Y,EIF4A1,CPSF1,DDX42,HDLBP,RRBP1,AUP1,ATG14,DHX16,POLR2F,RICTOR,KPNA3,HSPA1A",Immune response & host–pathogen interactions,0.5654310959658012
REACTOME_PATHWAY,HIV Infection,9,209,217,10908,0.0559,0.273,2.16,1.0,0.234,0.0238,R-HSA-162906~HIV Infection,"FEN1,CUL5,XRCC5,PSMD13,GTF2B,PSMC2,POLR2F,NELFA,RBX1",Immune response & host–pathogen interactions,0.563837352959244
REACTOME_PATHWAY,Gap junction trafficking,4,209,46,10908,0.057,0.277,4.54,1.0,0.237,0.0114,R-HSA-190828~Gap junction trafficking,"TUBA1C,TUBA1B,ACTB,TUBA4A",,0.5575202309355514
GOTERM_BP_DIRECT,regulation of centrosome duplication,3,248,26,16251,0.0589,0.939,7.56,1.0,0.925,0.00704,GO:0010824~regulation of centrosome duplication,"XRCC3,CUL1,RBX1",,0.027334407733889104
GOTERM_BP_DIRECT,DNA-templated transcription initiation,3,248,26,16251,0.0589,0.939,7.56,1.0,0.925,0.00704,GO:0006352~DNA-templated transcription initiation,"BRF2,GTF2B,RSF1",,0.027334407733889104
GOTERM_BP_DIRECT,regulation of double-strand break repair,3,248,26,16251,0.0589,0.939,7.56,1.0,0.925,0.00704,GO:2000779~regulation of double-strand break repair,"PPP4R2,MORF4L2,ACTB",,0.027334407733889104
REACTOME_PATHWAY,Signaling by WNT,11,209,298,10908,0.0594,0.285,1.93,1.0,0.244,0.0285,R-HSA-195721~Signaling by WNT,"VPS29,PPP2CB,PSMD13,PPP2R1A,PSMC2,CUL1,AKT1,VPS35,PDE6A,CSNK1G2,RBX1",Cell signaling,0.5451551399914898
GOTERM_BP_DIRECT,regulation of xenophagy,2,248,4,16251,0.0594,0.939,32.76,1.0,0.925,0.00136,GO:1904415~regulation of xenophagy,"CUL1,RBX1",,0.027334407733889104
GOTERM_BP_DIRECT,transcription preinitiation complex assembly,2,248,4,16251,0.0594,0.939,32.76,1.0,0.925,0.00136,GO:0070897~transcription preinitiation complex assembly,"BRF2,GTF2B",,0.027334407733889104
GOTERM_BP_DIRECT,establishment of meiotic spindle orientation,2,248,4,16251,0.0594,0.939,32.76,1.0,0.925,0.00136,GO:0051296~establishment of meiotic spindle orientation,"SKA1,SKA2",,0.027334407733889104
REACTOME_PATHWAY,Co-inhibition by CTLA4,3,209,21,10908,0.0599,0.285,7.46,1.0,0.244,0.00715,R-HSA-389513~Co-inhibition by CTLA4,"PPP2CB,PPP2R1A,AKT1",,0.5451551399914898
REACTOME_PATHWAY,GLI3 is processed to GLI3R by the proteasome,4,209,47,10908,0.0601,0.285,4.44,1.0,0.244,0.0123,R-HSA-5610785~GLI3 is processed to GLI3R by the proteasome,"PSMD13,PSMC2,CUL1,RBX1",Cell signaling,0.5451551399914898
REACTOME_PATHWAY,Degradation of GLI1 by the proteasome,4,209,47,10908,0.0601,0.285,4.44,1.0,0.244,0.0123,R-HSA-5610780~Degradation of GLI1 by the proteasome,"PSMD13,PSMC2,CUL1,RBX1",Cell signaling,0.5451551399914898
REACTOME_PATHWAY,Degradation of GLI2 by the proteasome,4,209,47,10908,0.0601,0.285,4.44,1.0,0.244,0.0123,R-HSA-5610783~Degradation of GLI2 by the proteasome,"PSMD13,PSMC2,CUL1,RBX1",Cell signaling,0.5451551399914898
GOTERM_BP_DIRECT,epigenetic regulation of gene expression,4,248,59,16251,0.0606,0.939,4.44,1.0,0.925,0.0125,GO:0040029~epigenetic regulation of gene expression,"KMT2A,MTF2,GLMN,RBX1",,0.027334407733889104
GOTERM_BP_DIRECT,mitotic spindle organization,4,248,59,16251,0.0606,0.939,4.44,1.0,0.925,0.0125,GO:0007052~mitotic spindle organization,"DCTN6,DYNC1H1,KIF3B,SPC25",,0.027334407733889104
REACTOME_PATHWAY,KEAP1-NFE2L2 pathway,6,209,111,10908,0.061,0.288,2.82,1.0,0.246,0.0198,R-HSA-9755511~KEAP1-NFE2L2 pathway,"PSMD13,TXNRD1,PSMC2,CUL1,AKT1,RBX1",Cell signaling,0.5406075122407692
GOTERM_BP_DIRECT,regulation of transport,3,248,27,16251,0.063,0.966,7.28,1.0,0.952,0.00784,GO:0051049~regulation of transport,"STIM1,VPS35,APPL2",,0.015022873584506671
REACTOME_PATHWAY,Co-stimulation by CD28,4,209,48,10908,0.0632,0.295,4.35,1.0,0.253,0.0132,R-HSA-389356~Co-stimulation by CD28,"PPP2CB,PPP2R1A,AKT1,RICTOR",,0.530177984021837
REACTOME_PATHWAY,Gap junction trafficking and regulation,4,209,48,10908,0.0632,0.295,4.35,1.0,0.253,0.0132,R-HSA-157858~Gap junction trafficking and regulation,"TUBA1C,TUBA1B,ACTB,TUBA4A",,0.530177984021837
GOTERM_BP_DIRECT,cilium assembly,8,248,232,16251,0.0645,0.979,2.26,1.0,0.964,0.026,GO:0060271~cilium assembly,"MKKS,CFAP298,KIF3B,CUL1,MKS1,IFT56,SNAP29,RBX1",,0.009217308196862183
REACTOME_PATHWAY,BBSome-mediated cargo-targeting to cilium,3,209,22,10908,0.0651,0.303,7.12,1.0,0.259,0.00816,R-HSA-5620922~BBSome-mediated cargo-targeting to cilium,"CCT3,MKKS,BBS12",Membrane trafficking & vesicular transport,0.518557371497695
GOTERM_BP_DIRECT,mRNA export from nucleus,4,248,61,16251,0.0657,0.987,4.3,1.0,0.972,0.014,GO:0006406~mRNA export from nucleus,"DDX39A,SARNP,THOC3,NXT2",,0.005682847330363273
REACTOME_PATHWAY,Dengue Virus Genome Translation and Replication,5,209,81,10908,0.0688,0.317,3.22,1.0,0.271,0.0195,R-HSA-9918487~Dengue Virus Genome Translation and Replication,"EIF4A1,HDLBP,RRBP1,KPNA3,HSPA1A",Immune response & host–pathogen interactions,0.4989407377822485
REACTOME_PATHWAY,Transport of Mature Transcript to Cytoplasm,5,209,81,10908,0.0688,0.317,3.22,1.0,0.271,0.0195,R-HSA-72202~Transport of Mature Transcript to Cytoplasm,"SLBP,DDX39A,CPSF1,SARNP,THOC3",Protein & RNA homeostasis,0.4989407377822485
REACTOME_PATHWAY,SCF(Skp2)-mediated degradation of p27/p21,4,209,50,10908,0.0697,0.32,4.18,1.0,0.273,0.0152,R-HSA-187577~SCF(Skp2)-mediated degradation of p27/p21,"CCNE1,PSMD13,PSMC2,CUL1",Cell cycle & mitosis,0.494850021680094
GOTERM_BP_DIRECT,positive regulation of lamellipodium assembly,3,248,29,16251,0.0714,1.0,6.78,1.0,0.986,0.00957,GO:0010592~positive regulation of lamellipodium assembly,"OCLN,CFL1,TWF2",,-0.0
GOTERM_BP_DIRECT,iron-sulfur cluster assembly,3,248,29,16251,0.0714,1.0,6.78,1.0,0.986,0.00957,GO:0016226~iron-sulfur cluster assembly,"GLRX3,BOLA2,CIAO1",,-0.0
REACTOME_PATHWAY,Asparagine N-linked glycosylation,11,209,309,10908,0.0718,0.328,1.86,1.0,0.28,0.0356,R-HSA-446203~Asparagine N-linked glycosylation,"DCTN6,DYNC1H1,TUBA1C,TUBA1B,CAPZB,CAPZA3,CSNK1D,NANS,ACTR10,DYNLL2,TUBA4A",Protein & RNA homeostasis,0.4841261562883209
REACTOME_PATHWAY,Respiratory Syncytial Virus Infection Pathway,6,209,117,10908,0.0729,0.329,2.68,1.0,0.281,0.0249,R-HSA-9820952~Respiratory Syncytial Virus Infection Pathway,"PPP1CC,CUL5,MED21,UBE2L6,MED4,RBX1",,0.48280410205002566
REACTOME_PATHWAY,Ubiquitin-Mediated Degradation of Phosphorylated Cdc25A,4,209,51,10908,0.0731,0.329,4.09,1.0,0.281,0.0162,R-HSA-69601~Ubiquitin-Mediated Degradation of Phosphorylated Cdc25A,"PSMD13,PSMC2,CUL1,RBX1",Cell cycle & mitosis,0.48280410205002566
REACTOME_PATHWAY,p53-Independent G1/S DNA Damage Checkpoint,4,209,51,10908,0.0731,0.329,4.09,1.0,0.281,0.0162,R-HSA-69613~p53-Independent G1/S DNA Damage Checkpoint,"PSMD13,PSMC2,CUL1,RBX1",DNA replication & repair,0.48280410205002566
GOTERM_BP_DIRECT,mitotic sister chromatid separation,2,248,5,16251,0.0737,1.0,26.21,1.0,0.986,0.00225,GO:0051306~mitotic sister chromatid separation,"ESPL1,PPP2R1A",,-0.0
GOTERM_BP_DIRECT,regulation of somatic stem cell population maintenance,2,248,5,16251,0.0737,1.0,26.21,1.0,0.986,0.00225,GO:1904672~regulation of somatic stem cell population maintenance,"TAF6L,TAF5L",,-0.0
GOTERM_BP_DIRECT,microtubule cytoskeleton organization,6,248,148,16251,0.0755,1.0,2.66,1.0,0.986,0.0261,GO:0000226~microtubule cytoskeleton organization,"TUBA1C,TUBA1B,CDK5,TBCD,MAPT,TUBA4A",,-0.0
REACTOME_PATHWAY,MicroRNA (miRNA) biogenesis,3,209,24,10908,0.0759,0.338,6.52,1.0,0.289,0.0104,R-HSA-203927~MicroRNA (miRNA) biogenesis,"PRKRA,POLR2F,DICER1",Protein & RNA homeostasis,0.47108329972234525
REACTOME_PATHWAY,Impaired BRCA2 binding to PALB2,3,209,24,10908,0.0759,0.338,6.52,1.0,0.289,0.0104,R-HSA-9709603~Impaired BRCA2 binding to PALB2,"BRIP1,RMI2,MRE11",DNA replication & repair,0.47108329972234525
REACTOME_PATHWAY,E3 ubiquitin ligases ubiquitinate target proteins,4,209,52,10908,0.0765,0.339,4.01,1.0,0.29,0.0173,R-HSA-8866654~E3 ubiquitin ligases ubiquitinate target proteins,"PCNA,PRKDC,UBE2N,PEX10",Ubiquitin-mediated protein degradation,0.4698003017969178
GOTERM_BP_DIRECT,protein stabilization,8,248,243,16251,0.0786,1.0,2.16,1.0,0.986,0.033,GO:0050821~protein stabilization,"CCT3,URI1,PRKRA,PFDN2,CCT7,PFDN5,PFDN6,HSPA1A",,-0.0
REACTOME_PATHWAY,Fcgamma receptor (FCGR) dependent phagocytosis,5,209,85,10908,0.0791,0.348,3.07,1.0,0.298,0.0235,R-HSA-2029480~Fcgamma receptor (FCGR) dependent phagocytosis,"FCGR3A,WIPF2,CFL1,BAIAP2,ACTB",,0.4584207560534191
GOTERM_BP_DIRECT,regulation of DNA repair,4,248,66,16251,0.0791,1.0,3.97,1.0,0.986,0.0182,GO:0006282~regulation of DNA repair,"TAF6L,BABAM2,UBE2N,TAF5L",,-0.0
REACTOME_PATHWAY,Oxygen-dependent proline hydroxylation of Hypoxia-inducible Factor Alpha,4,209,53,10908,0.08,0.348,3.94,1.0,0.298,0.0185,R-HSA-1234176~Oxygen-dependent proline hydroxylation of Hypoxia-inducible Factor Alpha,"PSMD13,PSMC2,CUL2,RBX1",Cell signaling,0.4584207560534191
REACTOME_PATHWAY,Defective HDR through Homologous Recombination Repair (HRR) due to PALB2 loss of BRCA2/RAD51/RAD51C binding function,3,209,25,10908,0.0815,0.348,6.26,1.0,0.298,0.0117,R-HSA-9704646~Defective HDR through Homologous Recombination Repair (HRR) due to PALB2 loss of BRCA2/RAD51/RAD51C binding function,"BRIP1,RMI2,MRE11",DNA replication & repair,0.4584207560534191
REACTOME_PATHWAY,Defective homologous recombination repair (HRR) due to PALB2 loss of function,3,209,25,10908,0.0815,0.348,6.26,1.0,0.298,0.0117,R-HSA-9701193~Defective homologous recombination repair (HRR) due to PALB2 loss of function,"BRIP1,RMI2,MRE11",DNA replication & repair,0.4584207560534191
REACTOME_PATHWAY,Defective HDR through Homologous Recombination Repair (HRR) due to PALB2 loss of BRCA1 binding function,3,209,25,10908,0.0815,0.348,6.26,1.0,0.298,0.0117,R-HSA-9704331~Defective HDR through Homologous Recombination Repair (HRR) due to PALB2 loss of BRCA1 binding function,"BRIP1,RMI2,MRE11",DNA replication & repair,0.4584207560534191
REACTOME_PATHWAY,Constitutive Signaling by AKT1 E17K in Cancer,3,209,25,10908,0.0815,0.348,6.26,1.0,0.298,0.0117,R-HSA-5674400~Constitutive Signaling by AKT1 E17K in Cancer,"TSC2,AKT1,RICTOR",,0.4584207560534191
REACTOME_PATHWAY,Defective homologous recombination repair (HRR) due to BRCA1 loss of function,3,209,25,10908,0.0815,0.348,6.26,1.0,0.298,0.0117,R-HSA-9701192~Defective homologous recombination repair (HRR) due to BRCA1 loss of function,"BRIP1,RMI2,MRE11",DNA replication & repair,0.4584207560534191
REACTOME_PATHWAY,Regulation of PD-L1(CD274) Post-translational modification,5,209,86,10908,0.0818,0.348,3.03,1.0,0.298,0.0245,R-HSA-9909615~Regulation of PD-L1(CD274) Post-translational modification,"PSMD13,PSMC2,CUL1,ERLIN2,RBX1",Immune response & host–pathogen interactions,0.4584207560534191
REACTOME_PATHWAY,Nuclear events mediated by NFE2L2,5,209,86,10908,0.0818,0.348,3.03,1.0,0.298,0.0245,R-HSA-9759194~Nuclear events mediated by NFE2L2,"PSMD13,TXNRD1,PSMC2,CUL1,RBX1",Cell signaling,0.4584207560534191
REACTOME_PATHWAY,DARPP-32 events,3,209,26,10908,0.0872,0.37,6.02,1.0,0.316,0.013,R-HSA-180024~DARPP-32 events,"PPP2CB,CDK5,PPP2R1A",,0.431798275933005
GOTERM_BP_DIRECT,interleukin-18-mediated signaling pathway,2,248,6,16251,0.0878,1.0,21.84,1.0,0.986,0.00334,GO:0035655~interleukin-18-mediated signaling pathway,"IL18,AKT1",,-0.0
GOTERM_BP_DIRECT,antibody-dependent cellular cytotoxicity,2,248,6,16251,0.0878,1.0,21.84,1.0,0.986,0.00334,GO:0001788~antibody-dependent cellular cytotoxicity,"FCGR3A,FCGR2C",,-0.0
GOTERM_BP_DIRECT,pointed-end actin filament capping,2,248,6,16251,0.0878,1.0,21.84,1.0,0.986,0.00334,GO:0051694~pointed-end actin filament capping,"TMOD4,TMOD2",,-0.0
GOTERM_BP_DIRECT,cellular response to oxidative stress,5,248,111,16251,0.0891,1.0,2.95,1.0,0.986,0.0276,GO:0034599~cellular response to oxidative stress,"BRF2,PRKRA,CUL1,HSPA1A,RBX1",,-0.0
GOTERM_BP_DIRECT,cellular response to nerve growth factor stimulus,3,248,33,16251,0.0893,1.0,5.96,1.0,0.986,0.0137,GO:1990090~cellular response to nerve growth factor stimulus,"ACAP2,AKT1,MAPT",,-0.0
GOTERM_BP_DIRECT,intraciliary transport,3,248,33,16251,0.0893,1.0,5.96,1.0,0.986,0.0137,GO:0042073~intraciliary transport,"KIF3B,BBS12,IFT56",,-0.0
GOTERM_BP_DIRECT,intracellular iron ion homeostasis,4,248,70,16251,0.0906,1.0,3.74,1.0,0.986,0.0221,GO:0006879~intracellular iron ion homeostasis,"GLRX3,BOLA2,CUL1,RBX1",,-0.0
REACTOME_PATHWAY,SUMO is conjugated to E1 (UBA2:SAE1),2,209,5,10908,0.0918,0.382,20.88,1.0,0.327,0.00352,R-HSA-3065676~SUMO is conjugated to E1 (UBA2:SAE1),"SUMO2,SAE1",,0.41793663708829126
REACTOME_PATHWAY,Loss of Function of FBXW7 in Cancer and NOTCH1 Signaling,2,209,5,10908,0.0918,0.382,20.88,1.0,0.327,0.00352,R-HSA-2644607~Loss of Function of FBXW7 in Cancer and NOTCH1 Signaling,"CUL1,RBX1",,0.41793663708829126
REACTOME_PATHWAY,Inhibition of TSC complex formation by AKT (PKB),2,209,5,10908,0.0918,0.382,20.88,1.0,0.327,0.00352,R-HSA-165181~Inhibition of TSC complex formation by AKT (PKB),"TSC2,AKT1",,0.41793663708829126
REACTOME_PATHWAY,FBXW7 Mutants and NOTCH1 in Cancer,2,209,5,10908,0.0918,0.382,20.88,1.0,0.327,0.00352,R-HSA-2644605~FBXW7 Mutants and NOTCH1 in Cancer,"CUL1,RBX1",,0.41793663708829126
REACTOME_PATHWAY,Diseases of signal transduction by growth factor receptors and second messengers,14,209,453,10908,0.0929,0.385,1.61,1.0,0.329,0.0532,R-HSA-5663202~Diseases of signal transduction by growth factor receptors and second messengers,"PSMD13,CUL1,TSC2,RRBP1,ERLIN2,ACTB,RBX1,PPP2CB,PPP1CC,PPP2R1A,PSMC2,AKT1,POLR2F,RICTOR",Cell signaling,0.4145392704914993
GOTERM_BP_DIRECT,positive regulation of axon extension,3,248,34,16251,0.094,1.0,5.78,1.0,0.986,0.0148,GO:0045773~positive regulation of axon extension,"GDI1,TWF2,MAPT",,-0.0
GOTERM_BP_DIRECT,antiviral innate immune response,4,248,72,16251,0.0966,1.0,3.64,1.0,0.986,0.0243,GO:0140374~antiviral innate immune response,"PRKRA,DHX58,UBE2N,DHX16",,-0.0
GOTERM_BP_DIRECT,negative regulation of gene expression,8,248,257,16251,0.0979,1.0,2.04,1.0,0.986,0.0438,GO:0010629~negative regulation of gene expression,"DDX3Y,PPP2CB,MKKS,OCLN,AKT1,VPS35,MAPT,DICER1",,-0.0
GOTERM_BP_DIRECT,spermatid development,5,248,115,16251,0.0983,1.0,2.85,1.0,0.986,0.0315,GO:0007286~spermatid development,"MKKS,BRIP1,CAPZA3,DMC1,CCNB1IP1",,-0.0
REACTOME_PATHWAY,Leishmania phagocytosis,4,209,58,10908,0.0985,0.402,3.6,1.0,0.343,0.0248,R-HSA-9664417~Leishmania phagocytosis,"FCGR3A,WIPF2,BAIAP2,ACTB",,0.3957739469155299
REACTOME_PATHWAY,FCGR3A-mediated phagocytosis,4,209,58,10908,0.0985,0.402,3.6,1.0,0.343,0.0248,R-HSA-9664422~FCGR3A-mediated phagocytosis,"FCGR3A,WIPF2,BAIAP2,ACTB",,0.3957739469155299
REACTOME_PATHWAY,Parasite infection,4,209,58,10908,0.0985,0.402,3.6,1.0,0.343,0.0248,R-HSA-9664407~Parasite infection,"FCGR3A,WIPF2,BAIAP2,ACTB",,0.3957739469155299
REACTOME_PATHWAY,Regulation of RUNX2 expression and activity,4,209,58,10908,0.0985,0.402,3.6,1.0,0.343,0.0248,R-HSA-8939902~Regulation of RUNX2 expression and activity,"PSMD13,PSMC2,CUL1,RBX1",Cell signaling,0.3957739469155299
GOTERM_BP_DIRECT,insulin receptor signaling pathway,4,248,73,16251,0.0997,1.0,3.59,1.0,0.986,0.0254,GO:0008286~insulin receptor signaling pathway,"IRS4,AKT1,BAIAP2,PDK2",,-0.0
