"Category","Term","Count","List Total","Pop Hits","Pop Total","P-Value","Benjamini","Fold Enrichment","Bonferroni","FDR","Fisher Exact","Full Term","User Ids"
"REACTOME_PATHWAY","Signaling by FGFR2 IIIa TM","4","146","19","10908","1.91e-3","9.04e-1","15.73","7.99e-1","9.04e-1","1.02e-4","R-HSA-8851708~Signaling by FGFR2 IIIa TM","NCBP2,POLR2B,POLR2D,POLR2H"
"REACTOME_PATHWAY","Abortive elongation of HIV-1 transcript in the absence of Tat","4","146","23","10908","3.35e-3","9.04e-1","12.99","9.41e-1","9.04e-1","2.24e-4","R-HSA-167242~Abortive elongation of HIV-1 transcript in the absence of Tat","NCBP2,POLR2B,POLR2D,POLR2H"
"REACTOME_PATHWAY","FGFR2 alternative splicing","4","146","26","10908","4.78e-3","9.04e-1","11.49","9.82e-1","9.04e-1","3.66e-4","R-HSA-6803529~FGFR2 alternative splicing","NCBP2,POLR2B,POLR2D,POLR2H"
"REACTOME_PATHWAY","mRNA Capping","4","146","29","10908","6.53e-3","9.04e-1","10.31","9.96e-1","9.04e-1","5.64e-4","R-HSA-72086~mRNA Capping","NCBP2,POLR2B,POLR2D,POLR2H"
"REACTOME_PATHWAY","Role of second messengers in netrin-1 signaling","3","146","10","10908","7.36e-3","9.04e-1","22.41","9.98e-1","9.04e-1","2.63e-4","R-HSA-418890~Role of second messengers in netrin-1 signaling","TRPC7,TRPC5,PITPNA"
"REACTOME_PATHWAY","Formation of the HIV-1 Early Elongation Complex","4","146","33","10908","9.38e-3","9.04e-1","9.06","1.00e+0","9.04e-1","9.32e-4","R-HSA-167158~Formation of the HIV-1 Early Elongation Complex","NCBP2,POLR2B,POLR2D,POLR2H"
"REACTOME_PATHWAY","Formation of the Early Elongation Complex","4","146","33","10908","9.38e-3","9.04e-1","9.06","1.00e+0","9.04e-1","9.32e-4","R-HSA-113418~Formation of the Early Elongation Complex","NCBP2,POLR2B,POLR2D,POLR2H"
"REACTOME_PATHWAY","FGFR2 mutant receptor activation","4","146","33","10908","9.38e-3","9.04e-1","9.06","1.00e+0","9.04e-1","9.32e-4","R-HSA-1839126~FGFR2 mutant receptor activation","NCBP2,POLR2B,POLR2D,POLR2H"
"REACTOME_PATHWAY","Signaling by FGFR in disease","5","146","63","10908","9.73e-3","9.04e-1","5.93","1.00e+0","9.04e-1","1.51e-3","R-HSA-1226099~Signaling by FGFR in disease","NCBP2,POLR2B,POLR2D,ERLIN2,POLR2H"
"REACTOME_PATHWAY","Molecules associated with elastic fibres","4","146","37","10908","1.28e-2","9.04e-1","8.08","1.00e+0","9.04e-1","1.44e-3","R-HSA-2129379~Molecules associated with elastic fibres","BMP4,ITGB3,FN1,LTBP2"
"REACTOME_PATHWAY","HIV Transcription Elongation","4","146","43","10908","1.93e-2","9.04e-1","6.95","1.00e+0","9.04e-1","2.53e-3","R-HSA-167169~HIV Transcription Elongation","NCBP2,POLR2B,POLR2D,POLR2H"
"REACTOME_PATHWAY","Tat-mediated elongation of the HIV-1 transcript","4","146","43","10908","1.93e-2","9.04e-1","6.95","1.00e+0","9.04e-1","2.53e-3","R-HSA-167246~Tat-mediated elongation of the HIV-1 transcript","NCBP2,POLR2B,POLR2D,POLR2H"
"REACTOME_PATHWAY","Viral Messenger RNA Synthesis","4","146","43","10908","1.93e-2","9.04e-1","6.95","1.00e+0","9.04e-1","2.53e-3","R-HSA-168325~Viral Messenger RNA Synthesis","NUP210,POLR2B,POLR2D,POLR2H"
"REACTOME_PATHWAY","Signaling by FGFR2 in disease","4","146","43","10908","1.93e-2","9.04e-1","6.95","1.00e+0","9.04e-1","2.53e-3","R-HSA-5655253~Signaling by FGFR2 in disease","NCBP2,POLR2B,POLR2D,POLR2H"
"REACTOME_PATHWAY","Formation of HIV-1 elongation complex containing HIV-1 Tat","4","146","43","10908","1.93e-2","9.04e-1","6.95","1.00e+0","9.04e-1","2.53e-3","R-HSA-167200~Formation of HIV-1 elongation complex containing HIV-1 Tat","NCBP2,POLR2B,POLR2D,POLR2H"
"REACTOME_PATHWAY","PPARA activates gene expression","6","146","118","10908","2.05e-2","9.04e-1","3.80","1.00e+0","9.04e-1","5.01e-3","R-HSA-1989781~PPARA activates gene expression","MED11,GLIPR1,FAM120B,NR1H3,PLIN2,APOA5"
"REACTOME_PATHWAY","Elastic fibre formation","4","146","44","10908","2.05e-2","9.04e-1","6.79","1.00e+0","9.04e-1","2.76e-3","R-HSA-1566948~Elastic fibre formation","BMP4,ITGB3,FN1,LTBP2"
"GOTERM_BP_DIRECT","positive regulation of SMAD protein signal transduction","4","234","41","16251","2.08e-2","1.00e+0","6.78","1.00e+0","1.00e+0","2.79e-3","GO:0060391~positive regulation of SMAD protein signal transduction","BMP4,NODAL,SH2B1,TGFBR2"
"REACTOME_PATHWAY","Netrin-1 signaling","4","146","45","10908","2.17e-2","9.04e-1","6.64","1.00e+0","9.04e-1","3.00e-3","R-HSA-373752~Netrin-1 signaling","TRPC7,TRPC5,PITPNA,SLIT2"
"REACTOME_PATHWAY","Formation of HIV elongation complex in the absence of HIV Tat","4","146","45","10908","2.17e-2","9.04e-1","6.64","1.00e+0","9.04e-1","3.00e-3","R-HSA-167152~Formation of HIV elongation complex in the absence of HIV Tat","NCBP2,POLR2B,POLR2D,POLR2H"
"REACTOME_PATHWAY","Regulation of lipid metabolism by PPARalpha","6","146","120","10908","2.18e-2","9.04e-1","3.74","1.00e+0","9.04e-1","5.43e-3","R-HSA-400206~Regulation of lipid metabolism by PPARalpha","MED11,GLIPR1,FAM120B,NR1H3,PLIN2,APOA5"
"REACTOME_PATHWAY","Influenza Viral RNA Transcription and Replication","6","146","121","10908","2.25e-2","9.04e-1","3.70","1.00e+0","9.04e-1","5.66e-3","R-HSA-168273~Influenza Viral RNA Transcription and Replication","NUP210,POLR2B,POLR2D,RPL23A,POLR2H,RPL28"
"REACTOME_PATHWAY","TGF-beta receptor signaling activates SMADs","4","146","47","10908","2.44e-2","9.33e-1","6.36","1.00e+0","9.33e-1","3.52e-3","R-HSA-2173789~TGF-beta receptor signaling activates SMADs","ZFYVE9,ITGB3,LTBP2,TGFBR2"
"REACTOME_PATHWAY","mRNA Splicing - Minor Pathway","4","146","50","10908","2.86e-2","1.00e+0","5.98","1.00e+0","1.00e+0","4.40e-3","R-HSA-72165~mRNA Splicing - Minor Pathway","NCBP2,POLR2B,POLR2D,POLR2H"
"REACTOME_PATHWAY","Inhibition of DNA recombination at telomere","4","146","51","10908","3.01e-2","1.00e+0","5.86","1.00e+0","1.00e+0","4.73e-3","R-HSA-9670095~Inhibition of DNA recombination at telomere","H2AZ1,POLR2B,POLR2D,POLR2H"
"REACTOME_PATHWAY","Developmental Biology","28","146","1422","10908","3.41e-2","1.00e+0","1.47","1.00e+0","1.00e+0","2.21e-2","R-HSA-1266738~Developmental Biology","TUBAL3,EPAS1,ITGB3,CUL2,PITPNA,SLC2A4,PCDH19,EGFR,MED11,POLR2B,FAM120B,POLR2D,SLIT2,LELP1,POLR2H,H2AZ1,TRPC7,TRPC5,NCBP2,FN1,RPL23A,DNM2,BMP4,ZNF638,PKP4,BIRC7,RPL28,NODAL"
"REACTOME_PATHWAY","Transcriptional regulation by small RNAs","4","146","55","10908","3.65e-2","1.00e+0","5.43","1.00e+0","1.00e+0","6.19e-3","R-HSA-5578749~Transcriptional regulation by small RNAs","H2AZ1,POLR2B,POLR2D,POLR2H"
"REACTOME_PATHWAY","MicroRNA (miRNA) biogenesis","3","146","24","10908","4.00e-2","1.00e+0","9.34","1.00e+0","1.00e+0","3.87e-3","R-HSA-203927~MicroRNA (miRNA) biogenesis","POLR2B,POLR2D,POLR2H"
"REACTOME_PATHWAY","Influenza Infection","6","146","142","10908","4.09e-2","1.00e+0","3.16","1.00e+0","1.00e+0","1.20e-2","R-HSA-168255~Influenza Infection","NUP210,POLR2B,POLR2D,RPL23A,POLR2H,RPL28"
"REACTOME_PATHWAY","Formation of RNA Pol II elongation complex","4","146","58","10908","4.18e-2","1.00e+0","5.15","1.00e+0","1.00e+0","7.47e-3","R-HSA-112382~Formation of RNA Pol II elongation complex","NCBP2,POLR2B,POLR2D,POLR2H"
"REACTOME_PATHWAY","RNA Polymerase II Transcription Elongation","4","146","58","10908","4.18e-2","1.00e+0","5.15","1.00e+0","1.00e+0","7.47e-3","R-HSA-75955~RNA Polymerase II Transcription Elongation","NCBP2,POLR2B,POLR2D,POLR2H"
"GOTERM_BP_DIRECT","embryonic placenta development","3","234","23","16251","4.25e-2","1.00e+0","9.06","1.00e+0","1.00e+0","4.22e-3","GO:0001892~embryonic placenta development","EPAS1,EGFR,NODAL"
"REACTOME_PATHWAY","RNA Pol II CTD phosphorylation and interaction with CE during HIV infection","3","146","27","10908","4.96e-2","1.00e+0","8.30","1.00e+0","1.00e+0","5.43e-3","R-HSA-167160~RNA Pol II CTD phosphorylation and interaction with CE during HIV infection","POLR2B,POLR2D,POLR2H"
"REACTOME_PATHWAY","RNA Pol II CTD phosphorylation and interaction with CE","3","146","27","10908","4.96e-2","1.00e+0","8.30","1.00e+0","1.00e+0","5.43e-3","R-HSA-77075~RNA Pol II CTD phosphorylation and interaction with CE","POLR2B,POLR2D,POLR2H"
"GOTERM_BP_DIRECT","transcription initiation at RNA polymerase II promoter","4","234","59","16251","5.26e-2","1.00e+0","4.71","1.00e+0","1.00e+0","1.03e-2","GO:0006367~transcription initiation at RNA polymerase II promoter","TAF6L,POLR2B,POLR2D,POLR2H"
"GOTERM_BP_DIRECT","negative regulation of lipid transport","2","234","4","16251","5.61e-2","1.00e+0","34.72","1.00e+0","1.00e+0","1.22e-3","GO:0032369~negative regulation of lipid transport","ITGB3,NR1H3"
"GOTERM_BP_DIRECT","positive regulation of fibrinolysis","2","234","4","16251","5.61e-2","1.00e+0","34.72","1.00e+0","1.00e+0","1.22e-3","GO:0051919~positive regulation of fibrinolysis","F11,PLG"
"GOTERM_BP_DIRECT","tRNA wobble guanine modification","2","234","4","16251","5.61e-2","1.00e+0","34.72","1.00e+0","1.00e+0","1.22e-3","GO:0002099~tRNA wobble guanine modification","QTRT1,QTGAL"
"REACTOME_PATHWAY","PIWI-interacting RNA (piRNA) biogenesis","3","146","29","10908","5.64e-2","1.00e+0","7.73","1.00e+0","1.00e+0","6.65e-3","R-HSA-5601884~PIWI-interacting RNA (piRNA) biogenesis","POLR2B,POLR2D,POLR2H"
"GOTERM_BP_DIRECT","microtubule nucleation","3","234","28","16251","6.06e-2","1.00e+0","7.44","1.00e+0","1.00e+0","7.40e-3","GO:0007020~microtubule nucleation","NEDD1,TPX2,CCDC66"
"GOTERM_BP_DIRECT","transforming growth factor beta receptor signaling pathway","5","234","103","16251","6.08e-2","1.00e+0","3.37","1.00e+0","1.00e+0","1.66e-2","GO:0007179~transforming growth factor beta receptor signaling pathway","CITED1,ZFYVE9,LTBP2,NODAL,TGFBR2"
"GOTERM_BP_DIRECT","positive regulation of ERK1 and ERK2 cascade","7","234","195","16251","6.22e-2","1.00e+0","2.49","1.00e+0","1.00e+0","2.30e-2","GO:0070374~positive regulation of ERK1 and ERK2 cascade","NECAB2,BMP4,ITGB3,TPBG,RAPGEF1,EGFR,NODAL"
"REACTOME_PATHWAY","Tat-mediated HIV elongation arrest and recovery","3","146","31","10908","6.35e-2","1.00e+0","7.23","1.00e+0","1.00e+0","8.03e-3","R-HSA-167243~Tat-mediated HIV elongation arrest and recovery","POLR2B,POLR2D,POLR2H"
"REACTOME_PATHWAY","Pausing and recovery of Tat-mediated HIV elongation","3","146","31","10908","6.35e-2","1.00e+0","7.23","1.00e+0","1.00e+0","8.03e-3","R-HSA-167238~Pausing and recovery of Tat-mediated HIV elongation","POLR2B,POLR2D,POLR2H"
"REACTOME_PATHWAY","Transcription of the HIV genome","4","146","69","10908","6.39e-2","1.00e+0","4.33","1.00e+0","1.00e+0","1.36e-2","R-HSA-167172~Transcription of the HIV genome","NCBP2,POLR2B,POLR2D,POLR2H"
"GOTERM_BP_DIRECT","embryonic cranial skeleton morphogenesis","3","234","29","16251","6.45e-2","1.00e+0","7.18","1.00e+0","1.00e+0","8.17e-3","GO:0048701~embryonic cranial skeleton morphogenesis","BMP4,NODAL,TGFBR2"
"GOTERM_BP_DIRECT","mitochondrial translational termination","2","234","5","16251","6.97e-2","1.00e+0","27.78","1.00e+0","1.00e+0","2.01e-3","GO:0070126~mitochondrial translational termination","GFM2,MTRF1L"
"REACTOME_PATHWAY","RNA polymerase II transcribes snRNA genes","4","146","72","10908","7.07e-2","1.00e+0","4.15","1.00e+0","1.00e+0","1.57e-2","R-HSA-6807505~RNA polymerase II transcribes snRNA genes","NCBP2,POLR2B,POLR2D,POLR2H"
"REACTOME_PATHWAY","Signaling by Nuclear Receptors","8","146","272","10908","7.07e-2","1.00e+0","2.20","1.00e+0","1.00e+0","2.97e-2","R-HSA-9006931~Signaling by Nuclear Receptors","H2AZ1,CITED1,POLR2B,POLR2D,PDK4,NR1H3,POLR2H,EGFR"
"REACTOME_PATHWAY","HIV elongation arrest and recovery","3","146","33","10908","7.09e-2","1.00e+0","6.79","1.00e+0","1.00e+0","9.55e-3","R-HSA-167287~HIV elongation arrest and recovery","POLR2B,POLR2D,POLR2H"
"REACTOME_PATHWAY","Pausing and recovery of HIV elongation","3","146","33","10908","7.09e-2","1.00e+0","6.79","1.00e+0","1.00e+0","9.55e-3","R-HSA-167290~Pausing and recovery of HIV elongation","POLR2B,POLR2D,POLR2H"
"REACTOME_PATHWAY","Signaling by FGFR2","4","146","73","10908","7.31e-2","1.00e+0","4.09","1.00e+0","1.00e+0","1.64e-2","R-HSA-5654738~Signaling by FGFR2","NCBP2,POLR2B,POLR2D,POLR2H"
"REACTOME_PATHWAY","SMAD2/3 Phosphorylation Motif Mutants in Cancer","2","146","6","10908","7.72e-2","1.00e+0","24.90","1.00e+0","1.00e+0","2.58e-3","R-HSA-3304356~SMAD2/3 Phosphorylation Motif Mutants in Cancer","ZFYVE9,TGFBR2"
"REACTOME_PATHWAY","TGFBR1 KD Mutants in Cancer","2","146","6","10908","7.72e-2","1.00e+0","24.90","1.00e+0","1.00e+0","2.58e-3","R-HSA-3656532~TGFBR1 KD Mutants in Cancer","ZFYVE9,TGFBR2"
"REACTOME_PATHWAY","Diseases of signal transduction by growth factor receptors and second messengers","11","146","453","10908","7.97e-2","1.00e+0","1.81","1.00e+0","1.00e+0","4.06e-2","R-HSA-5663202~Diseases of signal transduction by growth factor receptors and second messengers","NCBP2,POLR2B,ZFYVE9,ITGB3,POLR2D,FN1,PEBP1,ERLIN2,POLR2H,EGFR,TGFBR2"
"REACTOME_PATHWAY","Axon guidance","12","146","514","10908","8.06e-2","1.00e+0","1.74","1.00e+0","1.00e+0","4.29e-2","R-HSA-422475~Axon guidance","TRPC7,TRPC5,TUBAL3,NCBP2,ITGB3,CUL2,PITPNA,RPL23A,SLIT2,RPL28,EGFR,DNM2"
"REACTOME_PATHWAY","Regulation of Insulin-like Growth Factor (IGF) transport and uptake by Insulin-like Growth Factor Binding Proteins (IGFBPs)","5","146","123","10908","8.13e-2","1.00e+0","3.04","1.00e+0","1.00e+0","2.46e-2","R-HSA-381426~Regulation of Insulin-like Growth Factor (IGF) transport and uptake by Insulin-like Growth Factor Binding Proteins (IGFBPs)","BMP4,FN1,PLG,APOA5,KTN1"
"REACTOME_PATHWAY","Signaling by high-kinase activity BRAF mutants","3","146","36","10908","8.25e-2","1.00e+0","6.23","1.00e+0","1.00e+0","1.21e-2","R-HSA-6802948~Signaling by high-kinase activity BRAF mutants","ITGB3,FN1,PEBP1"
"REACTOME_PATHWAY","Translation","9","146","339","10908","8.25e-2","1.00e+0","1.98","1.00e+0","1.00e+0","3.84e-2","R-HSA-72766~Translation","GFM2,CUL2,RPN1,RPL23A,MRPL15,MIEF1,YARS1,MTRF1L,RPL28"
"GOTERM_BP_DIRECT","biological process involved in interaction with symbiont","2","234","6","16251","8.30e-2","1.00e+0","23.15","1.00e+0","1.00e+0","2.98e-3","GO:0051702~biological process involved in interaction with symbiont","FN1,PLG"
"GOTERM_BP_DIRECT","mitochondrial RNA processing","2","234","6","16251","8.30e-2","1.00e+0","23.15","1.00e+0","1.00e+0","2.98e-3","GO:0000963~mitochondrial RNA processing","FASTKD1,FASTKD5"
"GOTERM_BP_DIRECT","cell-substrate junction assembly","2","234","6","16251","8.30e-2","1.00e+0","23.15","1.00e+0","1.00e+0","2.98e-3","GO:0007044~cell-substrate junction assembly","ITGB3,FN1"
"REACTOME_PATHWAY","Platelet degranulation","5","146","124","10908","8.32e-2","1.00e+0","3.01","1.00e+0","1.00e+0","2.54e-2","R-HSA-114608~Platelet degranulation","ITGB3,FN1,PLG,FAM3C,ORM2"
"REACTOME_PATHWAY","mRNA Polyadenylation","5","146","126","10908","8.70e-2","1.00e+0","2.96","1.00e+0","1.00e+0","2.70e-2","R-HSA-9770562~mRNA Polyadenylation","NCBP2,POLR2B,CPSF3,POLR2D,POLR2H"
"REACTOME_PATHWAY","Estrogen-dependent gene expression","5","146","127","10908","8.90e-2","1.00e+0","2.94","1.00e+0","1.00e+0","2.78e-2","R-HSA-9018519~Estrogen-dependent gene expression","H2AZ1,CITED1,POLR2B,POLR2D,POLR2H"
"REACTOME_PATHWAY","Loss of Function of TGFBR1 in Cancer","2","146","7","10908","8.94e-2","1.00e+0","21.35","1.00e+0","1.00e+0","3.58e-3","R-HSA-3656534~Loss of Function of TGFBR1 in Cancer","ZFYVE9,TGFBR2"
"REACTOME_PATHWAY","Loss of Function of SMAD2/3 in Cancer","2","146","7","10908","8.94e-2","1.00e+0","21.35","1.00e+0","1.00e+0","3.58e-3","R-HSA-3304349~Loss of Function of SMAD2/3 in Cancer","ZFYVE9,TGFBR2"
"GOTERM_BP_DIRECT","tRNA modification","3","234","35","16251","8.95e-2","1.00e+0","5.95","1.00e+0","1.00e+0","1.37e-2","GO:0006400~tRNA modification","QTRT1,TRUB1,QTGAL"
"GOTERM_BP_DIRECT","mitochondrial respiratory chain complex I assembly","3","234","35","16251","8.95e-2","1.00e+0","5.95","1.00e+0","1.00e+0","1.37e-2","GO:0032981~mitochondrial respiratory chain complex I assembly","NDUFS8,DMAC2,MIEF1"
"REACTOME_PATHWAY","RNA Polymerase II Pre-transcription Events","4","146","80","10908","9.04e-2","1.00e+0","3.74","1.00e+0","1.00e+0","2.22e-2","R-HSA-674695~RNA Polymerase II Pre-transcription Events","NCBP2,POLR2B,POLR2D,POLR2H"
"REACTOME_PATHWAY","Gene and protein expression by JAK-STAT signaling after Interleukin-12 stimulation","3","146","38","10908","9.05e-2","1.00e+0","5.90","1.00e+0","1.00e+0","1.41e-2","R-HSA-8950505~Gene and protein expression by JAK-STAT signaling after Interleukin-12 stimulation","PITPNA,LCP1,LMNB1"
"REACTOME_PATHWAY","Response to elevated platelet cytosolic Ca2+","5","146","129","10908","9.29e-2","1.00e+0","2.90","1.00e+0","1.00e+0","2.95e-2","R-HSA-76005~Response to elevated platelet cytosolic Ca2+","ITGB3,FN1,PLG,FAM3C,ORM2"
"REACTOME_PATHWAY","Signaling by Receptor Tyrosine Kinases","12","146","529","10908","9.41e-2","1.00e+0","1.69","1.00e+0","1.00e+0","5.13e-2","R-HSA-9006934~Signaling by Receptor Tyrosine Kinases","TPH1,NCBP2,POLR2B,ITGB3,TNK2,POLR2D,RAPGEF1,FN1,PLG,POLR2H,EGFR,DNM2"
"GOTERM_BP_DIRECT","actin filament-based process","2","234","7","16251","9.62e-2","1.00e+0","19.84","1.00e+0","1.00e+0","4.13e-3","GO:0030029~actin filament-based process","SCIN,WIPF1"
"GOTERM_BP_DIRECT","trachea formation","2","234","7","16251","9.62e-2","1.00e+0","19.84","1.00e+0","1.00e+0","4.13e-3","GO:0060440~trachea formation","BMP4,TGFBR2"
"GOTERM_BP_DIRECT","regulation of mitochondrial mRNA stability","2","234","7","16251","9.62e-2","1.00e+0","19.84","1.00e+0","1.00e+0","4.13e-3","GO:0044528~regulation of mitochondrial mRNA stability","FASTKD1,FASTKD5"
"REACTOME_PATHWAY","Transcriptional regulation of white adipocyte differentiation","4","146","83","10908","9.83e-2","1.00e+0","3.60","1.00e+0","1.00e+0","2.51e-2","R-HSA-381340~Transcriptional regulation of white adipocyte differentiation","MED11,FAM120B,ZNF638,SLC2A4"
"GOTERM_BP_DIRECT","aortic valve morphogenesis","3","234","37","16251","9.83e-2","1.00e+0","5.63","1.00e+0","1.00e+0","1.60e-2","GO:0003180~aortic valve morphogenesis","BMP4,SLIT2,TGFBR2"
"REACTOME_PATHWAY","MAP2K and MAPK activation","3","146","40","10908","9.87e-2","1.00e+0","5.60","1.00e+0","1.00e+0","1.62e-2","R-HSA-5674135~MAP2K and MAPK activation","ITGB3,FN1,PEBP1"

